transaction_amount,velocity_1h,distance_from_home,location_risk_score,is_fraud
106.1981401219852,4,79.30732497943896,0.7616749053941836,0
32.217677054122504,2,49.81809418890411,0.5457030160329485,0
343.39258008020573,6,44.28344175436648,0.6276303549017879,0
38.79324558420645,3,21.812882542016133,0.9352503143943329,0
633.9052802456779,7,32.932599059904305,0.2990643096088431,0
556.3245138262753,10,45.48429223440403,0.35916393863395313,0
21.221661549834018,6,31.97672971243481,0.7177033617093369,0
37.50442254119634,16,59.91831483356085,0.6113055170553867,0
66.56180064940163,2,28.431294510429865,0.17853290453971482,0
109.09437804245077,17,11.29945365758563,0.3761473100104902,0
75.08768260002367,13,12.035712215060714,0.46783801312471496,0
348.8111389538898,1,0.2910338079251851,0.41938983796838936,0
128.73151540200308,6,17.902202290747688,0.1782748083220408,0
23.831410620463163,5,69.09871340440961,0.9244300917842623,0
11.104056129974026,13,79.0334635506835,0.7623187616939758,0
116.60391071935989,18,11.311637279244232,0.48135583210785227,0
17.251274904076308,12,159.76284414402312,0.6800610283068366,0
154.96458268951517,7,34.898217573996625,0.8972826721355218,0
37.256722746928,15,124.43293340177435,0.13617414236157122,0
39.58513631841901,3,61.339095243327804,0.2503730507069777,0
1.0857118173956262,16,64.08472287673942,0.542701247256645,0
120.73493888935667,1,4.443944420079181,0.7990103713523586,0
12.021446137542778,16,12.422499179501873,0.03625489544152738,0
148.22793093687255,12,0.44269568827667116,0.9840181501963605,0
67.70136721716385,19,62.961529007348304,0.45490660288239715,0
153.37731507097013,8,21.11314179679275,0.359231140621723,0
87.68934458438137,12,77.24165313021005,0.29272443783977187,0
8.602997365327102,15,20.695247676182586,0.17435670765087163,0
145.0949525668821,2,85.55519426053377,0.7915739089300279,0
7.23551084347682,17,7.003249004850567,0.9554141647460965,0
65.14328877493614,7,9.520095157429239,0.4136447548453982,0
18.916396977476804,13,20.842220846693465,0.9524206947534563,0
139.5678971053973,1,26.25361376100046,0.8237976154350342,0
242.57840812994348,6,21.43946145907111,0.4810511274763183,0
80.77192444643754,13,72.12144831939521,0.6740261791261327,0
74.89713434246481,11,5.098944912526971,0.43498417917046295,0
144.37675383423115,10,21.63285045067167,0.5587234082125524,0
0.5091753981575803,16,90.77392764358112,0.05804633701850381,0
249.80969724888303,17,3.4566303443764617,0.6962634753005331,0
21.995964668608828,17,142.66262111630311,0.05282464448413671,0
414.262453761291,4,214.57947826775995,0.8170849469196495,0
133.27685628743637,5,4.6369240333338775,0.8249469294605575,0
148.83321706433523,14,17.214210093911355,0.2370772875562146,0
106.77038549877946,10,23.29266596828133,0.32366278103580026,0
63.802128726311835,14,74.89289683571133,0.4813103785582933,0
84.7762586198237,1,45.30796296506212,0.5966629069324815,0
4.751400911766755,11,51.69261623430804,0.2873536617419967,0
97.80584537093316,18,70.8397037946537,0.592486404631925,0
98.37618207537203,16,6.27697065483504,0.29778707322929887,0
221.82512736479012,18,89.5508243384733,0.05549072107106068,0
70.45243709021662,8,61.14415820118803,0.0025275498319089484,0
8.028247500865952,10,43.05956437078624,0.1011510579184286,0
36.55656645013664,10,110.24358778302572,0.7922507001640182,0
106.60369111042331,5,60.249725284888186,0.9614313123833371,0
27.346214029127403,10,11.2635382759847,0.42696619928121926,0
32.92374217211871,18,28.083615901348697,0.5126839534499428,0
171.74074751462894,6,34.06516652738383,0.14684816907342613,0
87.78389002025474,3,2.840033543371921,0.551031352680157,0
71.03491533097011,8,154.65349004803082,0.14465490200697684,0
38.33885487530368,9,6.881403530808673,0.6112143311988301,0
131.27764107460573,5,59.77729837411253,0.9332586675808539,0
33.9281988565817,2,35.284377779358294,0.1956985393030396,0
133.584278792812,2,1.2983239873127213,0.764563718057102,0
7.267981735584134,7,129.34529162924875,0.023502422818324042,0
199.90887891428704,17,95.47204847835611,0.375497241321621,0
69.22804830026678,10,37.143971847849514,0.11074850783050905,0
57.715778219669154,12,12.999605860804623,0.35247544159569943,0
94.42361210872174,2,6.483963404191874,0.1735369196388835,0
97.86770982823788,10,22.580097527831086,0.3733049901228874,0
14.160409151396506,1,14.747304989664798,0.41752280610753034,0
141.15448475394078,4,35.33099669491379,0.3005911227809184,0
32.28648555195836,13,169.67529603167128,0.6566219494731291,0
235.34772064960836,12,42.77783441747661,0.9188520512589097,0
170.29283976688797,11,110.33241724445844,0.40059537410527235,0
42.505480162451576,10,52.616812326511884,0.19234315647502143,0
164.8902980083225,15,32.24133505634663,0.27072275819598335,0
44.06631021641377,5,96.41593642661852,0.854000823496369,0
10.641405002591831,17,31.873147489376922,0.5716397232701479,0
326.72323496226295,5,101.48617916807852,0.4550110323069573,0
105.72842260423894,2,17.235679040223772,0.1496367215089267,0
60.89890022880954,9,6.894935704549342,0.44972730832378194,0
50.712141205546736,6,96.65963056921247,0.27849200335738666,0
39.260614152666584,18,44.26567154101588,0.9431631278533492,0
398.7155871867444,14,109.95289204891164,0.8840701094157313,0
14.473363568682737,19,138.89188931912025,0.08390254182819801,0
37.80518956892705,14,2.7559982523566258,0.5166534892612429,0
66.45551372902968,8,34.75438329009745,0.22505834551467208,0
65.00868195564135,17,23.49734546867924,0.4107770895242906,0
63.745987437214005,3,49.156046788276456,0.8768479982514564,0
19.332242405373368,10,78.89482985353162,0.5275145198885448,0
15.657489749765096,17,16.466207377753012,0.33421529337075984,0
29.405914459386363,11,40.68652490941574,0.20788835410499706,0
245.95448422557604,8,61.674986570782686,0.8003248594064892,0
11.997001416531857,1,7.218414027041299,0.6245180153643471,0
141.64447642208177,13,84.11841896976496,0.4680654604262312,0
141.69531478320795,4,46.58412902984691,0.21748435386297804,0
165.95235358092106,7,149.32617733021183,0.3342463741571313,0
217.6970484225088,14,20.740096983675585,0.9598434267385185,0
30.521647556741787,5,5.722638613687961,0.5200899376058343,0
25.432398437226865,11,35.31174269118351,0.40069928124325294,0
62.64341501213718,17,4.485884790786622,0.5214220423483239,0
30.8006105158909,5,174.54492954428483,0.7789885058996087,0
132.54250218914913,3,1.9726548369867356,0.3401089365028688,0
101.04354271584393,5,70.02045558088803,0.17870612093260885,0
207.9343050951419,15,37.23280366117186,0.5849361183390478,0
8.636246411049186,19,22.992420622486087,0.6652041034810672,0
246.60848958387743,16,3.4054933140760433,0.7127180029585496,0
34.721784173264716,8,48.6651389619345,0.8819875907661296,0
67.47069434979566,13,44.000390696567784,0.37117412068911304,0
57.73419856566395,16,16.486579410875276,0.0753548962288918,0
142.8415745750375,3,120.52059983456631,0.9583485836309422,0
54.53020120628005,1,18.128184383351556,0.4350119274374752,0
287.44557144636593,9,29.86689359361354,0.6232575096731313,0
232.82504756172025,9,39.23708375508671,0.6663053231282923,0
205.69848080303234,17,5.28090956357158,0.5465137087012035,0
7.392465488621975,2,134.5314315000844,0.2052575297362701,0
192.59177661144398,9,23.463087421452034,0.7551430501161415,0
152.15893442682017,19,4.211446971235153,0.8037519743040816,0
10.927142776586244,13,24.49327268660864,0.5529755860174398,0
11.363277602646825,5,45.8398613926521,0.48856116058484156,0
10.665447637240044,9,36.04161216501102,0.11393818312798532,0
1.1397296339521639,13,59.297145218367284,0.08395166149978384,0
79.54774148162498,1,2.8541295334428107,0.3395648455635287,0
362.6629478551869,15,16.741521974444147,0.31084615551739325,0
57.74725044208275,4,85.52664825086197,0.9536564509632712,0
77.8176890104385,4,4.16330294333485,0.7836227424434298,0
344.1075970390739,10,96.71892884086328,0.6599242952590599,0
29.461569290413685,6,4.819823544485924,0.5176480890176051,0
195.52453550063206,12,89.92537376223557,0.16736753072665134,0
79.0518510942282,16,22.375986934886146,0.9784566721842839,0
84.27534029740325,3,47.36444537019629,0.37504069824021,0
42.033591835846515,14,8.296065885316963,0.1069256024472448,0
82.45878710076536,1,3.422975065840349,0.4937988957157461,0
7.595545714177672,10,12.163372016754192,0.8739980116130832,0
144.66542016039733,15,6.839911455510518,0.8872910017773294,0
33.50361344716961,7,18.727829135286797,0.010965916056447256,0
218.57654500866226,4,36.116776961844096,0.8862957447513997,0
45.86296700264768,14,44.428849443777935,0.2714842174998585,0
15.411214280451526,16,78.00099426577029,0.038972363968423074,0
119.03380954355276,14,53.3905614487125,0.8477902703628744,0
17.981846579789977,3,46.92149078202787,0.8638667559882083,0
140.1125868348719,17,26.53288491107753,0.59623107984235,0
344.5532929178057,14,32.10449702276392,0.5744337572963584,0
151.20973806230907,18,26.766233598302513,0.8131202726214194,0
2.2705068707049763,3,92.31058108151203,0.7863095527102798,0
91.60052427619868,19,13.068267592988741,0.8901054734427041,0
118.8790871865282,3,0.28686793767070295,0.5527474475967035,0
174.55917452011067,12,52.680019404392844,0.9676470927328087,0
5.76315587495854,5,11.311301340633557,0.9961468309333384,0
65.41338503557259,10,110.41610775408397,0.11654460999863259,0
76.65157671938331,9,97.96620110389321,0.8495437595541221,0
18.527575130574018,1,3.9915358200415287,0.499822257748589,0
38.92716473642906,13,5.6242028085203195,0.3875663382998321,0
58.02145134009308,3,34.17683470371976,0.613072309882715,0
179.1017872026057,19,46.98086756023728,0.055965557262007026,0
265.0832308359098,11,16.07286005301084,0.5064611187670799,0
98.99987080460564,16,63.07969273464259,0.8708905700266667,0
50.24362234379562,6,45.183043880747924,0.2134615161389688,0
29.30712584618153,3,19.63910219519537,0.4263898947694251,0
402.4922111441972,19,1.2849446982531552,0.9394808877148755,0
407.57189848102746,6,69.34478335310746,0.4285638378056973,0
258.99598558040685,8,12.08789044642053,0.3583676323323983,0
154.02344292238448,13,89.93127234879627,0.4405366481233782,0
39.41981351201015,12,27.261387453857864,0.5194527665175563,0
169.8271768207762,10,43.02830981023388,0.6319913441314688,0
52.55890983068885,3,103.15822882102852,0.8006928009167311,0
39.56728563157314,4,99.61660881187781,0.45210220576431426,0
136.59638671552483,1,23.222519870457663,0.8174809350901403,0
8.300551404162897,13,11.715842837425654,0.5337206613520806,0
4.978151485562922,4,74.61521609854549,0.33848051036797766,0
59.41233543047911,11,28.376871891040995,0.6579508281194142,0
58.993882060861324,19,10.662259701906741,0.7177222547434914,0
225.9948615057744,11,117.39237905330148,0.5580489756294875,0
13.48500860475632,12,11.038829878102057,0.05661497313472341,0
13.15720875482451,11,1.3073007832564016,0.1698828751608249,0
15.952647075417042,6,1.0244217825873925,0.2852977208902282,0
3.0187348869036312,12,48.68478539493803,0.2826256059514931,0
7.443451233975947,9,54.18742432423424,0.6734208002468706,0
107.84269899794943,10,18.628726981822687,0.018348661673632582,0
56.490231297300156,3,19.283932080000785,0.7556817770495199,0
144.22429676799325,3,20.737447121765424,0.2653424748069332,0
490.596702651098,16,56.99649322950201,0.3100218462161024,0
107.59745109734764,3,2.9946021591852228,0.5279098279439243,0
5.177295742865891,10,132.33577582470232,0.21592560093895752,0
11.044326067625683,11,12.584935088061016,0.8844713135755276,0
212.86661126337796,8,401.3089117890511,0.08536877932656528,0
74.97089491396946,6,9.408291695275075,0.44438236230106487,0
174.20392199832455,11,73.82112017981952,0.84942226945489,0
194.2203381190248,12,12.642300773576261,0.6158438944212358,0
262.65790886933576,16,4.215123468482792,0.29232951584263345,0
299.2322204182543,18,103.94541393475048,0.4207602077764607,0
80.92896048878151,13,97.86164118105528,0.7066943803425146,0
41.706235535183104,3,25.83970267718771,0.9732607433638993,0
326.6619488445406,15,60.59960071067388,0.8931387183794335,0
79.27606996637435,14,40.7167176128612,0.3424328083823768,0
6.640984211859559,18,95.85120951612187,0.9981978792878575,0
102.93937828061306,14,18.92090755463227,0.003504663531058272,0
88.5967053280973,5,37.0824713089885,0.02762975580841509,0
226.137475367857,14,33.215584536419264,0.8238405151711938,0
105.89700946133046,8,21.840500301811577,0.19946268683305202,0
42.93261691430191,15,111.02955200922668,0.06076926839624086,0
338.8055881845481,15,9.068775701430255,0.23714807323650222,0
161.7568304590086,19,8.097051268220925,0.4261001539808602,0
99.53816091315211,6,43.00846291581934,0.7305662704334048,0
34.66188243435163,19,53.573338733123435,0.6243355265512055,0
46.76708264501246,8,10.822006869356679,0.23762121756042043,0
110.85714895734864,6,24.773657442390167,0.5032704481005844,0
7.470287665020141,15,146.46338321834656,0.9262141053985687,0
29.662943653333958,3,14.15910547052961,0.8150077769837577,0
125.14171414151343,10,55.185367642172324,0.3231897848317934,0
65.39620638952516,15,67.38242021259715,0.9822645613556963,0
51.48228768386937,16,29.722020554700425,0.708620400435131,0
16.423525141879956,17,138.65022984284855,0.06244935566678178,0
58.31258056612646,19,66.71484542706624,0.03516071328863868,0
147.26890734218446,11,30.617506783750525,0.16840794901002998,0
30.65426143076105,16,42.12126109032466,0.7278558680501468,0
0.5413166971301612,5,58.9824590755782,0.1837389258424279,0
110.41422542346946,5,44.84771708763115,0.5114867692088335,0
359.81837019713834,14,105.47342721184548,0.09326012018083174,0
93.35044504393072,18,22.071870810207855,0.9208861578301951,0
12.77445787783604,8,17.825586438367296,0.34396061358356755,0
38.67411393324327,5,12.02967661803056,0.9081320565606308,0
202.22419954608563,7,1.9257624419467934,0.9448756419105443,0
26.47054995546189,16,2.198323973216676,0.006128647313680791,0
93.57179835514793,14,102.03227405288888,0.46413518719873204,0
51.528757724806574,5,56.72127154887476,0.024656055706892888,0
23.299658519318882,9,54.01884082363123,0.9086927663029059,0
167.88249342560172,4,47.67923158778288,0.5184075447345758,0
135.80228976898664,4,94.5963892836294,0.07494401269849682,0
108.35002507689705,16,32.72199588937493,0.11027672827656687,0
26.962815007108087,17,102.16930261226777,0.38350902449273905,0
10.298223791085197,15,22.27101658962828,0.9402341928728895,0
85.83976722638135,4,130.66485268814506,0.6929091515680809,0
80.67142414044703,6,59.97530310133183,0.8676188661891324,0
20.87292006920273,16,14.864883459044806,0.36645664633997965,0
5.789047571263706,4,41.51539145596586,0.04321369954999832,0
8.415196449321787,6,38.074573280683836,0.9743176372044141,0
492.96526992489885,5,7.419131951179095,0.017172990662369547,0
153.0552311224964,16,44.731710047974325,0.947651653081089,0
255.08859006325838,16,18.901176580182117,0.3686774238491447,0
21.698098180754872,10,2.6884370948239438,0.010090405021881521,0
323.3191210894805,9,148.46051330934574,0.6891572317245083,0
15.391411786226888,4,51.28998773842726,0.9805403040313542,0
71.147782203462,14,104.74560251167715,0.9656257228375925,0
177.01683505721192,4,56.35923165550638,0.16093701120241843,0
43.048043032524,12,22.07925964600587,0.18124780606615498,0
55.308707946790705,10,35.94254261862708,0.5655389146196601,0
13.717816006136049,4,56.3115232308152,0.6373048264283244,0
13.115921417904215,18,161.2601967613191,0.7394179136658656,0
96.6448420723349,13,14.629334631198127,0.1810503604721475,0
112.55694970276267,13,103.9629013756266,0.9590070867644345,0
150.20757148487826,14,128.9023108480849,0.6387392562892379,0
81.34680523338784,18,55.49612766143608,0.8470469188705548,0
103.77786315565265,1,133.87602123985022,0.5400657152841718,0
1.3609461731244803,16,25.36480860385505,0.4142768475898826,0
17.694093092345813,15,152.89759537928927,0.977182906594996,0
419.4038895513922,5,60.66461769777659,0.5821213708198361,0
7.90361795684289,6,2.1456760649778484,0.8668735827991789,0
113.56546296497929,6,118.68946600367379,0.9532923963662899,0
19.368503690680296,3,33.12826150664267,0.6753546270086592,0
126.13144788428919,16,30.839592509795583,0.548938678518675,0
122.41428691898093,12,41.78932261164073,0.0035108509106506203,0
26.683301218844324,4,8.089756444128259,0.04001964073900599,0
31.421004722228403,1,31.665300790519034,0.20085121605111633,0
106.35464844435806,4,88.93048045849199,0.18600843185599525,0
49.443737894354726,1,0.7801782017642191,0.25475879519984534,0
21.63516308385165,8,15.935743032794766,0.3049346376976608,0
131.55734856321254,5,0.12288019399328669,0.36006549355072826,0
16.74103132297871,2,26.868004232450822,0.42053769006887654,0
193.54704815257057,12,65.15569255083994,0.09886633845601467,0
72.29252263803716,17,80.16579181084167,0.04236193195278204,0
11.171466488383654,7,145.19391308663353,0.6739444490730234,0
118.4406589061063,11,46.88907732162061,0.5373348248430777,0
73.22270259506,4,14.693516792789929,0.44414420222011963,0
35.39038894231376,5,128.9485267572206,0.6344399411683523,0
54.91150297751091,6,74.65296064879054,0.8276794072035405,0
35.43031069513786,11,42.71611337718652,0.4276929091162046,0
30.52024426891834,1,59.47723882182526,0.6411194650519794,0
17.865837944069398,10,129.05965960886257,0.9535722238351587,0
45.062012214066506,11,62.308194502192585,0.8396244958615607,0
28.899921459086432,17,22.972931788485486,0.42600081050240945,0
115.02250668870285,8,62.41856669332927,0.644716837814743,0
115.16230818389081,13,2.055589467804251,0.17707092191593976,0
69.68344553211392,18,24.42186953869055,0.5605221848950899,0
150.48280520639153,16,26.070996610080538,0.9813282911384428,0
184.09899600651505,2,9.126372964771074,0.5183151152025223,0
86.69446685173902,5,1.1678061827639534,0.9276382991901473,0
96.47857418598825,18,7.1578059105916845,0.4073349205032607,0
33.25203294041529,3,53.15571748541959,0.9988448271846312,0
225.25499965080496,17,81.04739908418259,0.5792200352275578,0
2.4503825944784805,16,221.9975892568351,0.042268994235934554,0
42.86351771248466,6,21.2601948599021,0.5867547966913881,0
127.94165147702043,19,45.736999527400876,0.27457269567959663,0
8.347890679316118,7,138.3462132328121,0.03248132203589471,0
20.232370556545035,18,9.138589787104149,0.8208533046946633,0
88.98575078633768,14,63.229610555992465,0.2757296369807559,0
82.09661691358968,6,70.32051343659052,0.7965485540464985,0
134.29601819225186,8,4.65927639663661,0.28821758295586697,0
167.4577355892912,15,98.75385476261829,0.19432635387377428,0
13.763073031022161,15,83.86042846118134,0.9739355741044274,0
1.8552019203325647,15,1.6986815021512114,0.36164532775501956,0
117.00175952129825,16,4.77515273857811,0.6013762114431604,0
35.86652028569482,1,2.5187328701266303,0.6099814928144716,0
98.34564715779854,11,20.37913231046774,0.5604734821735018,0
16.315982666640906,5,35.594995009458316,0.9146957435212146,0
63.30686780342614,5,38.001513384106765,0.6744410713668685,0
70.20360619980572,6,15.575981119866844,0.4037330041049302,0
87.96642856665625,2,121.29240450261722,0.862380384524274,0
71.9840326360804,6,22.964088903311882,0.1810628991159644,0
68.45656479228069,14,2.331009202192724,0.5442367576104175,0
40.456674273498585,11,17.849972082077045,0.9505503719437564,0
7.384057009754688,4,37.869292404281815,0.6253976298804127,0
9.37835621547811,9,26.231170731689797,0.8169684504748762,0
56.87695361594386,3,15.999418591946982,0.6535607255451928,0
43.97353743694972,16,7.039210096671271,0.8393708635378904,0
72.59489331147239,11,85.50837506363649,0.9444878798452436,0
36.36106105317137,4,277.9223540885605,0.2729217275327368,0
116.44639642727748,1,19.989720859832342,0.16966108125671886,0
199.47682573027944,16,24.03269061638731,0.4839907503325399,0
35.50522452079815,19,48.12164536696427,0.7018624268242158,0
21.44117942282741,16,63.37074739934633,0.2271912531822161,0
12.350250672855356,11,24.881448758773033,0.004101450430167075,0
95.77745093109179,8,117.65683679829013,0.34293511583670533,0
58.672800952854445,1,41.04948092701452,0.9688593354677885,0
20.827429516085708,9,29.92732411035201,0.6949674606058467,0
105.882462075979,12,52.01803033083808,0.40132544394122394,0
16.07360292274255,8,152.67214602086287,0.19257609734684034,0
80.81107827148669,17,79.1281875750714,0.356089673754747,0
74.89736429300146,10,2.0417836127274716,0.16983943330124796,0
132.51157325529118,7,20.19655756658017,0.10630582131295141,0
5.668637932059755,19,31.795325417225406,0.9067423725725539,0
218.812251374613,6,18.88162072286392,0.9976503383754736,0
121.39952824759499,19,60.22991013074363,0.1641144395957903,0
24.3506983726859,18,87.51240078238983,0.054522558878279725,0
20.261244997084248,15,65.71638023535795,0.32973110714621234,0
56.50358245843813,2,227.03136525054148,0.4616591807614153,0
170.13631401535648,14,15.910338873350646,0.20482124707585447,0
185.11910093114406,10,103.96787527031772,0.30142491179855846,0
73.4919818755795,16,72.75493362808871,0.2008707356916577,0
197.1921570669481,7,22.484860957835373,0.7742605684324513,0
0.545858016998045,8,66.23636445406663,0.7125779432472608,0
3.5808159337066643,10,5.494982119442227,0.6349515157609817,0
242.83931717575334,15,77.8739440408194,0.38721785707920475,0
149.31312099588575,8,37.99968242390481,0.909040941314236,0
59.91215677320408,13,17.286055887932473,0.96953254153502,0
140.08401661794525,12,53.32332262667337,0.173639312625412,0
311.5404982295448,8,51.30806997113194,0.22301264141187804,0
147.88023757364707,15,11.753609695988988,0.5256310280003696,0
184.75132260829818,12,1.5434498714201783,0.09125056928224529,0
142.96469774227108,11,28.424730770107175,0.4364483988231128,0
18.417658721973545,19,42.14177632808105,0.5817912647777101,0
179.32051716267705,14,104.61834714519054,0.5220735711373331,0
21.704819085553243,18,131.70523764802894,0.33090858307802606,0
223.1300577741668,13,37.624186044638265,0.5424458060772068,0
61.36890709571694,4,70.08126077442289,0.9588009542588478,0
113.00309840802423,17,28.928755600860384,0.20601740429137605,0
68.76440463789939,19,68.5372257679782,0.6548313583940036,0
9.870596130781955,9,11.45817706608252,0.04339669415605185,0
34.35081614599298,7,23.18634722973796,0.06641640448143493,0
411.8546316119184,1,50.28725436357073,0.551828224223585,0
323.6906191127477,7,0.916242233710581,0.10493918032794947,0
38.63787632450483,7,64.0897466656026,0.022346788426857334,0
559.8559114614748,7,90.25302726240355,0.1715129976480222,0
186.7892599996481,8,25.469804060280836,0.5648491709995744,0
94.4071826213197,16,29.70514607188078,0.7033409545189324,0
4.095181571854713,3,95.28524053617488,0.20247856414138,0
231.71590748037735,13,74.72843039551773,0.6682594372081745,0
81.5155006432554,10,16.994367306083177,0.18247633109922934,0
202.85670841332393,18,19.576342912031848,0.6134574266312571,0
179.83558973349335,7,56.79674447178355,0.41195967989579885,0
178.9798684030914,5,41.413774372755974,0.6537995093336167,0
119.79041251163083,7,8.850558361033643,0.9950527524792473,0
34.448545098452755,17,18.548105286125992,0.937816965232562,0
40.97145106606696,4,115.12089378810838,0.004281757836103628,0
36.88476062114309,16,58.26556697907176,0.8854387643623057,0
2.024964671769126,19,213.34325894414542,0.06649079517476653,0
87.36358003253329,10,72.83853018019785,0.9530465861598449,0
120.00925769745375,3,142.3435770230024,0.2818256790996847,0
192.3231225675797,3,12.179340772960872,0.38203483041127095,0
15.10152726375113,17,73.8076438738593,0.09163820517572785,0
78.56641926406871,10,1.0212345644312661,0.1122727583289096,0
0.8040378055314206,17,55.54841884110475,0.7267405652293196,0
9.992381876984508,17,31.676249815067653,0.9443322357482916,0
5.573656606873388,4,21.290539643553323,0.6107484949543095,0
129.27239994326206,6,99.17179920100592,0.715850015526811,0
8.453397252195277,12,96.29919257830657,0.7619697445971535,0
126.03773196850901,17,1.127707412854105,0.2628142745529417,0
28.718180348794643,17,47.01702137283155,0.045229630920214925,0
210.13842165321873,10,22.930022610952282,0.0018727439191685846,0
167.74490607750997,7,26.863699384132683,0.35064928295401865,0
316.60513683457293,16,89.20169121677432,0.2414642281992161,0
215.2115598635327,13,18.541574658566258,0.062317725049185646,0
270.7991489570975,3,143.2780352490386,0.17952829249366675,0
195.71700804100877,2,9.900224259717088,0.1244988982679478,0
118.21522817194428,16,54.34245090643704,0.9148783806173704,0
18.664185842231845,6,55.75310240874434,0.14026721345916893,0
31.705255165350987,6,14.530662302537351,0.5376484639876792,0
23.918016078218617,13,19.633659407471832,0.5931059551121646,0
92.5295623632714,7,90.0294646559064,0.5434894577086338,0
70.04133915945089,5,71.73333417041007,0.09905643421598798,0
201.80078141176492,7,19.95645219483436,0.3187983617505512,0
305.0671501002765,2,38.17382011414862,0.05127033246315327,0
51.895842152411355,17,3.1832276248041547,0.395669914096316,0
70.5929635721037,13,11.706805080885378,0.188598931271592,0
355.8425279416603,16,33.25914835876249,0.5616325332843798,0
32.32939709344826,2,4.4947985961245225,0.6928083938491005,0
157.20976939897994,5,92.68143137975164,0.5321198602047065,0
25.52018489500321,18,63.293511497241475,0.43423669661139574,0
114.40075855157974,7,143.7941648032857,0.3873334208566924,0
29.25145670188946,11,59.12147777092105,0.8416917680970037,0
215.18693529497122,11,141.00613648546084,0.21936806506527007,0
82.4345169088636,17,40.429310791880056,0.7342183395288688,0
20.57133940350154,16,45.84187044648771,0.757482324740119,0
25.407861387948298,13,188.55016798915145,0.4192000072707345,0
68.09206219000144,5,51.37915515483088,0.29730059922563934,0
325.97505701255545,16,1.563521608561259,0.47054148604597523,0
146.81213698747376,16,64.33200455141173,0.0932139258926985,0
67.00356080346911,16,117.94120996085215,0.04593003222908998,0
41.20655600877917,14,79.3789900024067,0.11160319945189179,0
79.68834456903356,6,43.83346560281974,0.18714503146222616,0
137.97590962736314,2,55.63102431053126,0.504176820338043,0
153.2146316922275,14,231.22677063142015,0.8491366361611221,0
39.24631976138046,16,4.751925703453734,0.23564233199968698,0
127.71145139730248,13,55.01741402650643,0.9351620107467781,0
107.23271303239292,15,16.66171284694726,0.9549079089350034,0
319.6925798910615,12,51.0951190345762,0.9589046048452052,0
267.4958189381809,9,46.776681717477324,0.8375627346763238,0
155.76965150766745,18,8.329704148581664,0.3638250407977206,0
128.51636583990526,14,11.580631001253984,0.07268391100262306,0
32.02625518922957,4,48.59408054678432,0.5688187317664949,0
187.0577092264777,8,6.861479544241379,0.5586814439372337,0
55.77525064214783,8,15.406544933337788,0.8499757671095955,0
31.778470091497084,16,90.16495408063189,0.9959910509461052,0
48.476932021107,10,19.807296294739345,0.5081573065601476,0
180.74955749432894,17,33.47740767798121,0.34520403103978425,0
16.09122392430296,1,141.62996150710285,0.185901711556267,0
60.90978782382137,18,12.883455970978233,0.004799824817370735,0
67.79780055152126,10,24.68417116885309,0.5091136924888792,0
3.7317411085119065,4,46.62834560182836,0.5555186667025958,0
21.78401760373452,1,70.39407059646764,0.8249384798173974,0
175.29759395631834,4,115.96285850248191,0.5045769678928006,0
177.64811115800995,4,123.53420610087717,0.9164683486660565,0
34.58976338884537,4,74.94853961900859,0.6280834765714355,0
207.8619756221431,17,12.95996828094591,0.8403362382210832,0
147.745808128282,9,1.2561134086371626,0.1483017348077471,0
54.11258813330638,19,24.20706932996533,0.8553361303023147,0
137.99399707100258,13,7.631275149338855,0.6751438544438484,0
325.28109424901317,4,61.96059827534731,0.17023303243833054,0
61.428002770093784,5,54.107022884505554,0.18976355814601087,0
27.236948279287287,13,2.2483851397403436,0.9265006190442213,0
284.4153470456596,16,90.57580129334623,0.032215360450372876,0
92.56955401740349,5,14.300391491668288,0.4625349432957061,0
11.122787553203297,8,28.30168604943602,0.31347528993410156,0
85.02287214999927,16,55.1210368990353,0.665077439998428,0
69.43096348447969,1,28.054988273853677,0.839629387568992,0
193.5091144646849,6,29.106039568046292,0.36037812155656956,0
75.65028064229183,11,3.394031405935774,0.4269020873228372,0
29.468310169076855,16,25.66172190322081,0.9819177845014142,0
112.59137978561644,5,72.37613556642857,0.7839165096792028,0
78.21433314429879,16,123.35903662492763,0.8972041309317914,0
26.532666479256207,7,26.678886475407264,0.43876222065162973,0
85.24427411515327,19,27.546441306104263,0.23407620398411522,0
172.33660135371045,1,60.63841967198385,0.4118634653864517,0
2.8987011001048364,9,143.03560045958065,0.7160919178315135,0
99.6555027093576,18,15.534635933405177,0.10943040483597932,0
43.01449592984657,13,29.003802004482694,0.27046910561650883,0
34.62600049922031,15,79.47520673405852,0.046635900461590385,0
49.854755923948915,3,47.0411564410356,0.43234773833813156,0
41.85847923959018,10,5.859642340576829,0.8274457359796132,0
178.52155675841087,9,49.40716149415193,0.0246636882980108,0
32.13047813082874,13,10.335607252648932,0.675323526807166,0
132.10799051274586,16,35.68953333994419,0.9324958745137396,0
9.878200186139068,3,37.65582304689643,0.23692786151118228,0
302.405711062277,15,104.45575388110638,0.6936348407276481,0
97.36990990783627,17,31.040793301847348,0.9751019011002003,0
122.66226430359006,14,16.386497655712017,0.9622780601524632,0
35.3877905150562,7,13.131027499333017,0.23492919302914328,0
53.1192577067937,16,103.67371970223769,0.1003310532120687,0
25.33172148681169,8,9.377410866002512,0.14828253789591594,0
269.61624285329685,4,27.744846043393128,0.7020356684821422,0
66.96346729979797,15,10.361856279868016,0.7257588754532756,0
99.54641307464898,5,74.2072771520335,0.674236561628199,0
132.52821646534963,13,32.158137916186625,0.3360783877422381,0
46.37927028024302,6,21.62719949032158,0.16977693975812214,0
127.33287936576974,5,22.400338444303795,0.5807610919522531,0
112.6988583694072,17,95.59956981765323,0.4836804457578665,0
122.30174541310663,7,40.346481321012,0.7288341471223034,0
67.18356925680102,6,63.26898523995531,0.44136007868562144,0
48.27847728544729,2,113.67001524342324,0.3386396946864684,0
25.113440075553473,11,116.00776547944204,0.2934785773590144,0
174.08364543505914,7,19.91273734296807,0.21147032004974653,0
93.73868139782383,8,152.30000274681666,0.2657463761866614,0
58.76206316618913,5,1.2595257794235046,0.09483043884410136,0
288.23304964648895,18,23.647242400900833,0.34685701092888954,0
4.902094392942315,16,113.07160926582343,0.0365698123629582,0
189.82669437587919,14,16.054144704441214,0.1864138471663268,0
602.5059778520673,12,15.947042196526596,0.7467704446194291,1
217.9855298375123,17,18.02140498853138,0.32546898867662266,0
166.30316698885267,5,47.37789793114801,0.6682370169773438,0
46.88938347456463,14,28.842286594640036,0.7168841755972774,0
26.307295246850277,6,64.86563298951695,0.5811853427321135,0
132.74615384392092,15,112.64721337729375,0.9586977413653984,0
36.32326362344732,7,56.073483214291606,0.021439866623113257,0
19.36329081873584,14,11.437129850201424,0.7386526505881421,0
154.42397047356482,18,134.91630842666464,0.958786643940408,0
37.47569456197554,1,15.359752472661423,0.8622717293529393,0
245.85576087092403,6,8.119728939609168,0.16789269180501332,0
183.6543331712474,3,4.7137361411021015,0.3268203062517321,0
188.15113000759308,5,41.43502973792226,0.1724518398764654,0
147.6524262067283,12,6.0385131636039,0.6013083638147041,0
212.76358431185182,11,7.470025561398527,0.7121879819794923,0
163.85932907793276,13,17.835924429731975,0.3170737693630582,0
92.25889329057642,16,16.54012766264678,0.5395065739842955,0
35.07251343292612,18,46.34730373892928,0.690920570071195,0
219.11259507490155,17,84.84390892536115,0.42133981661104836,0
183.63612404450998,17,71.63778974699974,0.8540155304554593,0
64.03257665421911,11,15.223405631988374,0.7715499352878171,0
3.986275265857526,10,14.072443496623146,0.06466554385057066,0
101.76142057008333,16,168.76410039423376,0.621125299090829,0
5.192175885796257,2,0.4135173412398537,0.2353255509597496,0
260.7480628660399,17,105.89686763495818,0.5575182646672753,0
326.05121254630427,10,11.140212889188817,0.9568884426329662,0
21.00917798292404,13,147.14211965470747,0.8790620045522501,0
112.82142700315308,12,20.950872747628175,0.4045164031151317,0
9.680720480634168,15,29.02234301497178,0.2915138583443534,0
130.7545765179374,7,61.39972032020962,0.234405744408259,0
42.6618776863575,13,44.296448948032264,0.5325148697565201,0
114.27212786013207,12,19.131833286058267,0.11424845325805633,0
46.66118027218601,12,40.35286432015198,0.5492750081282486,0
15.731778461863403,2,65.59774217042438,0.0013336394907920157,0
52.10611291235151,5,2.162859626230583,0.32384963074584483,0
11.954229971845127,2,0.5631244832694859,0.21993431383058126,0
86.01071923208868,13,30.630639449711943,0.971218789960782,0
4.181366538568616,3,7.068767684877621,0.727242319569979,0
74.93359743742407,11,54.58346606688023,0.3496533804622377,0
217.47958168971087,16,12.043261349143297,0.09284508653062051,0
181.93769663599724,1,28.356670574165122,0.516800594690624,0
214.3717267497228,19,11.011822605882578,0.2134478813260423,0
255.16723164008806,11,39.75717759279823,0.5364295458983578,0
11.040420020604808,9,6.167934629503902,0.8353623541788925,0
13.782310643991774,14,1.1689000588949374,0.6157925521013854,0
81.42008731930189,9,2.624260121743396,0.6337884195450022,0
224.40583730538378,7,154.23740091406268,0.5410302890628115,0
366.3190519442873,16,7.674241163585208,0.9272656326314092,0
4.736619170662166,3,61.632033633505536,0.9319026844206033,0
43.97058134633917,19,3.5171643706345646,0.5127232010735522,0
23.939267448290302,4,5.723446482098326,0.3057594871435044,0
141.0447100086373,7,35.55295745766271,0.4595870058794439,0
102.21899163019341,12,31.26236545673852,0.18655791219561568,0
12.77061426536434,18,151.39243591187886,0.6363443153180893,0
66.07227161463489,5,144.87173984539766,0.5000923357822332,0
115.65821026659,10,75.61752077299091,0.10330047781327989,0
150.96169846583354,12,46.07795805127001,0.19764778111961534,0
2.0256494257897244,8,30.34483374233257,0.4796319561995268,0
221.15529051615766,19,22.016690926519868,0.8875889907188583,0
84.23002627587908,15,146.9558280466213,0.5663907206310974,0
167.08300019030017,1,46.17946652631195,0.6815350002084708,0
164.99371986879962,3,43.26473674646735,0.3390285497439097,0
21.053914695757726,18,13.191840321250641,0.5714113930442343,0
11.672722850230222,18,2.391167023674471,0.4473798226380674,0
127.75736655010328,2,145.19283540958344,0.6591299126231607,0
17.010874034801393,5,18.824590282635832,0.05057556607901037,0
189.6703347722691,1,29.222623574588262,0.49330021623895914,0
129.5318958764941,10,6.088043665328239,0.29599262514396696,0
184.405556750969,10,90.67704761065845,0.32618506127790925,0
35.52654799989323,5,1.4010386728017448,0.9609174315580614,0
38.0672101158308,18,89.78559210842776,0.18269481271138277,0
111.23711786132895,15,7.557717744082621,0.3112452525785969,0
3.19509949650493,8,108.82587353281052,0.5098925757308718,0
129.6441760801183,17,65.42457951986846,0.8630269481496237,0
180.65669865146324,12,8.996436844051916,0.41667008320637045,0
53.64231060761898,12,41.71457307508733,0.743865280888171,0
144.76542810777497,1,18.746042081395952,0.8563740982148024,0
19.190038804414772,4,9.814924972963428,0.31001635582184894,0
38.899212649297354,8,98.01442093060508,0.39275018353870994,0
366.14574228696785,1,25.835710249551404,0.35655622368835627,0
429.241802781688,15,25.420071089753637,0.8328558086179211,0
71.86805051438857,18,9.309652556708501,0.04434686195360116,0
272.2196664094568,1,24.14963524828209,0.30842108882868,0
73.96743311965591,11,102.63680491360445,0.6794085575951299,0
34.472961454809756,2,22.559385055493486,0.5654434995653427,0
31.047218966968455,1,151.41645366680405,0.4362893592936943,0
265.2223499646482,12,146.22540060135566,0.5399482272213844,0
18.928138709095034,16,7.826764497162526,0.19758458582831828,0
86.662585086159,10,9.758867183453223,0.4307166216080104,0
81.08616217101047,18,99.26990649687927,0.5017029841763491,0
134.561964651229,15,24.94163460998548,0.9011891219546017,0
69.16341408316205,17,0.21917880646393403,0.26083516280397634,0
31.784669887357868,10,16.00143614310091,0.8678285021649326,0
18.560273352946925,3,45.519035673858696,0.6442414008259819,0
96.97410971353283,16,80.28872304372857,0.020340831067600984,0
126.9367716428643,6,7.15823173145181,0.7246313368993936,0
84.28573841687755,3,5.857113797778064,0.03555187754905509,0
134.07524272046678,9,127.61175123384392,0.9973811268138131,0
15.25932960374826,11,69.54492074092818,0.8726366876911978,0
214.10633175057754,13,44.55303523195243,0.29734374754004567,0
87.32204867447858,18,73.30732551332724,0.2574112301967054,0
13.564096122059425,4,28.00555214202536,0.3814410821056089,0
61.975770284362355,8,71.03512908600426,0.35616696531444303,0
186.2987437249917,13,23.245072677424396,0.37233781838538105,0
227.84994299569786,10,13.991950325871654,0.3182765461194804,0
30.7408029485516,2,65.28429921975739,0.6211334068483314,0
124.22488228399837,8,27.208116073988066,0.16426366372062395,0
10.534412410747592,6,199.1681752528226,0.8459812924460132,0
3.412144282806315,16,21.499560118109446,0.8124024840313153,0
82.18876766100584,18,127.37789678362377,0.47648320785527043,0
118.68783484260317,17,135.12519195748246,0.8527299652785476,0
158.85903958156482,6,13.843895546086356,0.2471450700302933,0
41.584313166865286,13,80.02915699211445,0.017565455703966948,0
0.6546793994643673,14,28.37636931299,0.619207925029823,0
65.30023505176108,10,124.76283772859686,0.4579094069647154,0
1.5980557002389972,11,29.90314882660559,0.5671645462958707,0
9.649384179374309,13,68.18824673381717,0.899339409018403,0
39.55479795860119,12,31.458635532574235,0.9699255735659434,0
57.478129179131344,9,12.925633690080367,0.634453139755603,0
32.77674511590476,4,11.116577113183451,0.7640555898524384,0
87.19515694580863,7,27.70677112786229,0.08380843348716427,0
5.694056733055867,2,70.42590588016898,0.16071558489150561,0
15.616236385359533,7,46.45252528000869,0.7332048049529766,0
118.82910770562722,9,58.33855413873232,0.43136545638800194,0
15.331535800326682,5,16.587017037232723,0.4459652704044057,0
102.10270023314058,15,32.834528234698986,0.3086076816354366,0
5.6236672512893,18,2.270545425428382,0.6073563834777438,0
52.32057406771209,4,85.05913717122617,0.1851650454162026,0
19.529673567754056,19,229.72220701127745,0.6269162793138956,0
11.612522843054746,7,26.11784795833323,0.17379885713523968,0
83.70932663199478,8,0.5512098451917345,0.0638260347097136,0
263.5763568086969,17,9.303988876397442,0.330357688699061,0
5.634503076236902,13,52.85339815065103,0.23114034200984768,0
54.74105106746418,11,47.34771943088255,0.8889916385563323,0
122.94117743353252,1,77.52655463282531,0.0549534538686266,0
62.11760343566367,2,14.643710478945355,0.17661369257412285,0
164.24568163712664,17,72.1182504554479,0.5487196055830494,0
19.80184906138947,5,58.2350439709419,0.4810671908474736,0
320.878206439414,6,19.49050186358189,0.04585201837470154,0
48.639748154733,7,39.42656444111138,0.007252428015144474,0
41.78965081802671,15,7.965838887141576,0.9880679419611499,0
207.62928600101645,19,30.125531936318435,0.6588347003588382,0
82.98081094025255,16,106.51457389957774,0.3654061309015568,0
72.65888557250162,13,27.33916955761058,0.4704322476632413,0
129.82026062196184,5,91.49385197369543,0.26655012045428694,0
86.71059748074327,3,44.61081371751501,0.34487378369320976,0
17.735269576439805,3,10.652032465324965,0.649044467268214,0
112.14642865391824,19,43.506897925585214,0.8828117988673707,0
14.325725504398584,14,35.25930078589996,0.18413002308118487,0
163.9163911122611,16,25.428187120501367,0.8403615053853187,0
457.9170887217826,17,6.370675228548552,0.12155662951826907,0
47.383114480655976,4,26.953424924557158,0.2149922235883912,0
58.83474388700765,13,3.7772704976869416,0.03717528804964598,0
4.754627637567541,8,5.199686473385611,0.14081186209299945,0
1.382836066323651,19,26.88556916530099,0.9173031454640506,0
254.36296006006467,5,18.21962395169805,0.4594387466183786,0
13.768177692533595,2,129.8775654341352,0.07766586177835355,0
59.019129932654266,15,23.55667779905069,0.9597268380389613,0
168.9318179186169,2,70.91157260933262,0.8789923077586501,0
220.1100920009079,11,37.777468742544734,0.7546825208681412,0
73.271513938564,13,60.8842643818707,0.9334727919475578,0
83.24840207485279,10,15.063091943627072,0.22012942083576414,0
110.77054235824303,3,142.2837604904273,0.8363692930100863,0
325.4048964247799,5,37.760544665717575,0.6899911963543062,0
92.2988011027036,3,88.98879932709517,0.8697592495676884,0
81.97886704982812,6,22.71011204543315,0.7969115657426298,0
1.4640790499138552,13,5.279768775680192,0.346495063176825,0
8.44144269188769,10,55.99868861878215,0.7743985370172556,0
86.07889189690198,19,0.38949555311533773,0.2624563029848903,0
275.2635326814835,8,32.24576113798359,0.32859216302805483,0
201.50881506732526,18,10.709308353225945,0.10790571722297615,0
405.00744835334837,3,49.35920403597181,0.9350766159804688,0
75.04247398624835,17,194.17146921268724,0.29100336340028155,0
155.0843295273067,8,31.218654573466143,0.5206224651714518,0
183.50866709694657,10,85.04977763606024,0.39133283646619266,0
104.42140430275275,2,35.441900712893656,0.9599281205835015,0
41.362315095445084,12,34.24308313339612,0.3350491709384824,0
63.48375839388415,6,133.26641571476108,0.778545821422689,0
195.13443935567776,2,110.34823385984029,0.85541615463118,0
35.46027010638168,3,77.04236463583796,0.4356064974809659,0
257.3647785802861,17,17.567013739488335,0.37817181445293124,0
26.111329111050953,7,39.37381781494071,0.747745820932628,0
138.43618901723602,5,12.673516813003138,0.9128959803062341,0
99.57648609055418,1,29.341858614834766,0.7549317330722383,0
138.46934078128467,8,33.10307584569366,0.2271263655918656,0
57.50931992705915,12,89.08254868358438,0.8883077474377054,0
269.7719683429972,14,113.18185802757942,0.3875816674368331,0
100.09563234931231,16,26.774708828655875,0.5762294117779343,0
34.00929097304767,10,0.8931521740137683,0.831435619292711,0
101.73689592199824,15,98.94320465775647,0.1883947674004922,0
33.80154728878239,15,9.574897278061322,0.7845101356775531,0
34.76194854434544,10,48.62744336334193,0.5961627979106775,0
51.01567002466688,7,1.264398136054039,0.8933416418276082,0
191.34554691449827,3,25.500171031762413,0.17197040184354295,0
69.37431068767503,2,213.29331994016493,0.42068223704092844,0
113.60053008431059,6,5.306574033405192,0.8328430928668374,0
49.75273396644294,9,27.555751895475588,0.019231703456760174,0
30.598921667776825,10,18.347084077294188,0.11220136676564285,0
309.3128162695711,4,117.74032162477933,0.9905652127567347,0
92.52841696812709,3,101.75787877168028,0.28039417859035054,0
271.7363514422318,9,13.570673686738807,0.9755431937239534,0
22.741893048469098,17,4.23367579862958,0.1825315510086739,0
15.887166405576028,14,49.32739789206623,0.3610944430073356,0
193.671292336548,10,20.50142863586089,0.7528694445035706,0
114.23046882911771,13,55.74994960677299,0.6577784072381785,0
20.650585268113346,12,1.6323457152487268,0.5811223999290556,0
31.383400690803015,1,7.158844356065819,0.5298991758050076,0
161.2763142515363,19,57.97742254855217,0.8434404436647402,0
60.48957094641694,19,11.936383726726287,0.23494856283339272,0
111.03018658471417,6,97.45143685684276,0.4424709269935184,0
38.32419158856255,13,3.01887352764218,0.15545229215645728,0
48.002156606833644,19,12.134287028946279,0.5959415957307044,0
467.9092181001791,13,327.164236967985,0.2505444242713202,0
28.450989204004145,4,28.3765101996226,0.3338420643433858,0
70.61440289524259,2,60.69537679505367,0.47125071662352813,0
186.04817264163515,15,10.085192212314526,0.026770585703127847,0
27.341528039556078,12,47.0636009763802,0.09193793592083765,0
53.65088945652714,7,64.75071791890515,0.6859292207082196,0
95.47490828613033,18,18.878634860743716,0.42896998071750725,0
65.62139884720007,13,88.27451095336697,0.8647902219998954,0
61.52648353812642,17,46.243569340215345,0.6946720036441995,0
45.021626688508185,4,24.642983257233453,0.008100941647322446,0
88.34517032656397,14,40.78183295932411,0.6167123307671348,0
97.91578450554992,13,42.99089436033837,0.09372486605971642,0
105.92652591700814,3,9.048241439919302,0.7809331797904943,0
7.296658614297037,18,25.76949871810531,0.991507688278502,0
99.70512563366624,14,21.03634302348078,0.5311987942415115,0
306.2666810178465,15,25.616564717556674,0.6827795001941304,0
77.8675081414977,3,71.58772737314557,0.23731416089475155,0
125.62036697072261,1,32.94099869618793,0.43759774375379357,0
81.35814200115753,17,140.9346934358608,0.8560953322363837,0
192.92342973288007,3,17.384090423723443,0.16742294774625122,0
265.3321911088329,14,26.86734267474002,0.2655356056137621,0
20.36104447672972,3,77.31301830616367,0.4454336752860302,0
57.422707882096155,13,39.48561263590379,0.712248891844014,0
49.82090500583421,15,39.59626444083818,0.3758839547956738,0
51.95554905755979,18,2.7407725481557246,0.9277322797830039,0
13.413063639564216,14,25.424722380027788,0.09445705126871917,0
167.99447471390815,3,15.785818160544412,0.3708041975448475,0
3.6421527267660876,19,365.79541214066404,0.7089541234284219,0
75.12565097988814,8,18.43412814497537,0.22598676566149245,0
108.43496495267976,4,107.92273738428008,0.656413134229673,0
23.252421001071,4,56.38667139865632,0.16421695822734594,0
236.28680642293904,19,20.84524537976125,0.05598028486168638,0
182.35548702060998,11,39.21209451895287,0.12101571674864886,0
63.69251384488388,1,91.79681673612022,0.9299847831341347,0
52.958198356917684,8,107.43670777464231,0.5517508829395513,0
26.993112384903178,15,8.74111979645223,0.796345775479649,0
130.93082263910668,1,20.743444863641557,0.3326545009050512,0
14.126844615910903,7,20.41519519997095,0.5926586478854466,0
114.01775400971827,11,2.1477131050163045,0.4949521337049916,0
184.80567539924883,14,45.59474038759147,0.945737959402294,0
25.938176523546037,16,96.48906460678792,0.7475746360541103,0
201.31101504354723,14,24.028918286278294,0.730542631496579,0
3.389106839219163,12,67.36059537315778,0.04635326943427953,0
243.94062955313234,17,49.40282045190572,0.5496696690036911,0
12.597399650504858,14,23.55210725527525,0.46699145390181485,0
103.77783088289225,10,7.60279873312294,0.9278422666061945,0
28.77920370495881,14,61.7772763838367,0.25734198818953224,0
181.12627752833436,18,96.40135946047803,0.2698334532910943,0
71.80555563022179,9,57.89495002076271,0.4113462488815004,0
14.530464474261684,17,0.9020117468924134,0.24336971340637603,0
84.62787129883334,6,12.182168096736383,0.1291839178087495,0
52.40503701695288,8,3.600584653255528,0.8574148466508008,0
108.30770378410357,13,42.24341898224045,0.5582765244039158,0
213.62513695734057,18,70.62733363271137,0.8613627189565668,0
52.6597906833552,5,5.859240004360605,0.8311347654036959,0
34.23222660722068,6,91.11232166728595,0.2820423547896711,0
1.4621469125240938,19,40.54127115485783,0.547737444324274,0
85.52874473121544,4,58.55415128327755,0.08321770274007045,0
51.46241079336401,7,177.72065999556602,0.9152518840307584,0
46.94425371110984,4,4.36953544167181,0.4042627150651531,0
20.20370211408107,11,115.74504256709734,0.39367618388902137,0
56.22160196945403,12,6.739620568007954,0.3027553706179532,0
416.3177319744509,14,24.957931318239794,0.4606637447107038,0
35.347172782089324,13,95.33787933033695,0.25175938654544805,0
91.55520382956996,10,118.35844035116972,0.37485227279680455,0
149.82851700768921,18,35.298621028412015,0.7999470485848819,0
138.29313152096333,16,45.08299411704243,0.8342555035851719,0
39.8649816297971,5,61.57530872977058,0.30418247762851613,0
94.38163175579628,8,89.41587053153359,0.4690144305527879,0
204.99968062944038,14,6.477604288220137,0.8738197762800523,0
1.5567982362282997,5,83.05480267619726,0.052673331829697134,0
57.223013986428384,8,32.81918096663453,0.8891449619957854,0
25.395516398156992,6,29.94855719247506,0.2191843456523317,0
49.205668478801236,16,27.573679587893125,0.6785392442143758,0
53.7836501749289,4,35.58710856223833,0.5825516963846002,0
137.30661007768393,12,145.06708345293117,0.5529407481892521,0
9.851938342909008,11,39.726201278166926,0.8593602247528214,0
71.8637112346452,3,153.06961197780808,0.10157214364466127,0
83.05599056452441,12,9.940240957804242,0.34702802532563604,0
68.15301276813305,5,64.39236057999867,0.5382527463447656,0
131.62954739372864,6,83.62941350482798,0.8112888539460398,0
48.416950257109114,19,56.83577900671898,0.2164430834116715,0
289.98234300768206,18,46.68739632135216,0.8029298413742763,0
65.74006541392997,16,41.5989476088154,0.39963848249393574,0
84.67971082190283,11,98.63906727696575,0.1889138564336954,0
174.60071910322546,5,86.19941439109112,0.7589864404434826,0
32.19093405205602,9,6.521878952003059,0.09089890147454782,0
7.817997479783431,3,94.38742078730947,0.5147673740754429,0
123.02619501025956,8,26.727629714143298,0.06387578386188841,0
65.97353361648356,6,14.631168361330163,0.35641785515778757,0
226.82247391877763,4,101.92210826198173,0.6010767990063927,0
405.5896188925366,12,28.283876127058953,0.5561155414872131,0
50.934230871311826,12,82.60805705797544,0.4046554179046665,0
53.689416862742256,16,15.285758926721805,0.4290479939721157,0
52.41854741436085,10,0.19685307438803007,0.22676955335076654,0
39.23822280189286,14,34.205327812071964,0.4558825884241029,0
152.18259139496664,13,5.280708315826425,0.9532548557208342,0
142.29407626200353,9,70.19765932719638,0.8504529177837904,0
65.13238390120158,7,16.153383554161987,0.1452328690763438,0
4.56892541621079,12,29.317493074247263,0.02978078732092093,0
37.04251918093799,5,4.552808129027365,0.9335243127166306,0
34.57393087773163,18,16.889803015770617,0.5267497498807476,0
166.64699906090442,4,76.04623060822867,0.5378378231493077,0
9.165001713738043,2,8.219440414087492,0.7807179957065223,0
163.8225214428436,3,52.08696693810795,0.31468897387132655,0
110.61918980668075,12,124.70293176970554,0.48190756883600216,0
131.84168922168598,3,56.9462143750576,0.9686629131467376,0
56.600926097033856,4,83.30615143338233,0.6721486869324071,0
113.85777626123581,6,5.768950530425404,0.15374503199578593,0
93.91217491203497,12,14.43291584130142,0.1332267479843533,0
146.52518371943756,19,112.47063307882696,0.2042647583330054,0
59.19811515174066,10,62.78183707457971,0.7667116744207175,0
64.02239026206225,1,51.02063218721569,0.29537700384061605,0
103.16348705149329,17,54.497506107871864,0.021388846675079787,0
11.437602648370287,16,26.73888954121298,0.9441743635056619,0
57.313454052294745,9,2.2789893075275054,0.16971341639491067,0
357.37967815068856,9,76.72615698656503,0.009558186148068581,0
3.827557280161827,9,56.77106047619388,0.23713160238332298,0
37.98042661588542,12,32.00918817091589,0.2350287871181337,0
37.703775020751394,9,115.00920656466602,0.42200525084572305,0
100.3658861317209,15,20.485680886779374,0.9203898315000368,0
11.182621713284071,2,17.429793686874294,0.8791849177790979,0
99.03249437297838,11,103.09828688042828,0.4568945549824279,0
9.986480107921908,11,79.72442438971503,0.4108999049918065,0
9.976911827153824,8,36.17823806909347,0.5550090864748513,0
130.26275473092304,6,7.005347613037641,0.24345401197176575,0
39.17621842252163,7,12.108130589850228,0.05218499196636284,0
379.0821274121105,3,53.388830207470065,0.9392241361712067,0
3.8068431178198066,8,24.31000334114211,0.18669898487717274,0
58.89793705852361,18,90.53891683699676,0.1984007292457164,0
12.00635639687127,17,149.74164323937129,0.4724603288539476,0
43.290665695465094,11,81.90136749137143,0.4916133448403307,0
633.251960992219,2,23.70423109865894,0.018434209700741944,0
219.68072700677968,19,77.72060656495319,0.1479547387739707,0
4.953106786897223,7,21.65016692963119,0.37815481856074173,0
82.84077103109125,18,9.142089870720136,0.6837306935105391,0
104.36194149210188,8,1.6981744830963579,0.22841845683193585,0
23.51334233552712,14,24.364953868495675,0.42301444624176265,0
15.677729532603724,7,116.94135028169327,0.5573450647164668,0
234.7385142258303,4,13.65521483879964,0.888592494623292,0
346.78642936855636,17,11.56591650585579,0.3260705023271233,0
481.500979348198,5,175.03009222853643,0.13355826586348352,0
155.9513980434925,12,1.2661013150743285,0.4892722258976082,0
108.9163279709005,9,77.03808964726436,0.7467216016840621,0
42.423555414203804,13,19.383957686296707,0.10985975705273343,0
18.80157125617069,18,1.9104350277632698,0.4246834916969604,0
8.227417819975482,9,124.9315440095246,0.017785141262483428,0
118.18769540697531,4,7.520354054492303,0.033559181647251135,0
153.58316365845178,8,40.12347488170758,0.4829533632166656,0
175.13105824445205,1,16.01399664129482,0.29819729815092944,0
245.06791895503483,17,3.3707488250930346,0.8451072990054121,0
211.96767387191932,9,2.5605851838807356,0.6021543061264543,0
825.9734238698746,13,6.1398435067457555,0.45393296174299036,1
27.979857697896314,2,3.702084080823715,0.40793537105429634,0
144.09939354014176,13,71.47222725520798,0.49724548018956327,0
88.299985486139,9,33.23442025177864,0.04043883121266134,0
30.278912138821585,6,20.99535147310402,0.8927933564206599,0
401.2137432953608,1,27.095944921750704,0.9983031557339583,0
228.1783991537687,5,132.21627400000477,0.18148712485869867,0
13.755739289178873,3,120.81670846601105,0.12038296477461974,0
2.650655767594803,4,62.8821267333559,0.14357746344859523,0
116.5812789195617,1,108.00325111453122,0.6610270582343671,0
92.66709929968493,14,19.25725041176145,0.6614408384507747,0
274.59954641218116,9,23.991331951697976,0.8479241622784109,0
26.658001156349965,4,47.558627225307085,0.7518263884262533,0
8.81625279224101,18,48.85859045404102,0.44968967336933974,0
30.004529480066015,14,32.860037062502116,0.6128553615653188,0
1.9109061190458385,4,25.59613196654243,0.6882846703680079,0
3.655273660646394,10,214.0830504279635,0.5127364702852252,0
246.3432548662353,3,86.05301802257185,0.47565098445163667,0
43.38901732379755,7,28.544725023205086,0.6450974456426533,0
52.900487117308145,10,64.96777016487749,0.5574745489756537,0
1.8542509207439828,13,15.70552524088403,0.6439423053359103,0
31.542576776637105,4,5.277433681106287,0.6128547739633639,0
163.3351495221835,18,21.726498341943845,0.7191965605136547,0
95.5787978392733,11,25.789630284753233,0.6428035087828761,0
140.15322750231223,4,0.8337694629061784,0.5197424864372673,0
59.27838635557453,14,84.31378849957379,0.6817968112843865,0
37.06713261277766,18,22.251379369197867,0.44948196518542805,0
65.934514760427,8,43.424834824308704,0.24167122597260104,0
39.01889870687285,10,3.8420645279573664,0.0014182201339154599,0
182.61714063465837,5,9.618402435807894,0.5599641471458432,0
35.33571903361655,7,110.22472335056189,0.590655226608641,0
107.81147277562502,12,46.91244383655862,0.9720489647757143,0
14.731998823779879,3,150.07147376205083,0.36147833409427554,0
116.11256417951348,4,334.2319620549982,0.39413324282831175,0
244.52980687886446,10,23.249619551666363,0.20179958134219023,0
93.79821862133124,4,17.74832478576952,0.07053429523732191,0
82.06519243340156,15,97.72194004739544,0.7728044928617406,0
324.72307536135645,10,328.9739352425831,0.24968106433932502,0
98.72405758650228,16,49.664155296439446,0.6089048610300379,0
30.049775464712813,15,79.2715993417501,0.6877730355454815,0
34.58636314289443,19,76.10475549709892,0.4712366872916477,0
122.18199294854838,19,21.951589017041673,0.8763521130271916,0
132.96743357777268,18,42.69754148281779,0.44379484097972877,0
36.16820755673141,12,89.50512451806803,0.2849086230417651,0
42.36453384296278,16,58.2558572906598,0.8960155229616223,0
471.6829244675412,1,1.0695489159873308,0.8615642842499565,0
10.753237196487731,16,20.526822449665236,0.164039947076413,0
51.85974604691086,2,7.802038881548186,0.02596101835392095,0
6.448255598099105,15,13.261612445372222,0.08998555634962069,0
172.08073455199872,7,117.9522050691586,0.28654739855381706,0
9.689185282986507,1,1.8795531111589343,0.9722598017417107,0
112.0880463706579,5,12.410294722385517,0.558516153160825,0
5.81413457040982,10,18.521987444311826,0.3732617320292688,0
111.73518968670018,4,47.97088257201255,0.8887160946127464,0
185.1744832078157,14,38.18939438690587,0.45313633147849963,0
50.88634283379642,13,12.312260252846798,0.3152386284010211,0
73.84092121227886,1,8.970753270150439,0.9412195287456574,0
51.3398494102248,16,13.511629181832355,0.849517666192678,0
35.7373414430519,9,34.91096376579185,0.843668375419441,0
162.58895039260818,16,15.816272643157886,0.5122847430502131,0
31.745776613646647,19,147.44482147000724,0.789438398815455,0
128.35335495683626,15,31.168484848105532,0.17935335926455187,0
23.092005919323203,14,3.029769491118531,0.5732229575562436,0
28.74871528876063,10,65.33099944890253,0.9838459228475457,0
41.01678927514364,12,19.937779979965313,0.29095843051796166,0
88.95426171637453,1,52.99202593752389,0.7943523292476752,0
60.59100808401,17,16.39704256672275,0.49047840720806724,0
136.7059776807309,9,42.285059988642374,0.03980568322208733,0
24.02481295490066,19,73.95393772813559,0.7630193978156674,0
1.0729645167022197,18,131.56052904363867,0.1685691443921128,0
149.86010424487034,7,15.131471106831212,0.6314735671327502,0
172.40036322813376,9,20.387657508983466,0.0856641940469729,0
6.132253860637366,12,31.20591471276446,0.9468673974959648,0
94.39382313768961,7,130.98468740015127,0.2917238871803609,0
47.51476914734123,14,115.82753640952936,0.2264646916773949,0
157.93727102526944,15,4.708846514244777,0.1291364040663343,0
207.47689090228363,15,7.074136084194656,0.9460021933390478,0
190.3834253874686,6,34.2102815148361,0.7119037424413052,0
150.1499834624418,14,5.637122136142308,0.7416608887180887,0
31.341327013260546,2,21.20036331764199,0.4994045613802446,0
167.07264860744561,8,8.031058816635383,0.4747277852704834,0
76.24511202227842,13,50.53561416191984,0.11002124299147664,0
5.419921230347149,6,149.28457430907392,0.5598410955839918,0
61.05333501001512,5,286.20594772535173,0.24691649510879043,0
285.0038689158927,5,23.51947578426977,0.9771453328004058,0
218.80013896192128,1,45.69126830868356,0.7965809400151473,0
10.787955354590311,9,96.99012069850667,0.4129920601928876,0
136.3072823060959,6,6.247675704845274,0.15134125869153303,0
163.88299882601748,7,58.48894210646883,0.785331691138784,0
31.661418295078025,9,26.28373823951619,0.12205376708131599,0
63.7917926641693,5,11.54279578186829,0.1893337534970705,0
124.12868667010109,14,25.771277590540087,0.21152051774422742,0
57.8108331312166,5,3.9500114394422936,0.5568906382730944,0
11.968137007844948,8,59.43896537864594,0.7870566539903663,0
122.37757435400177,7,14.567283344528862,0.3143148787246922,0
242.63210718315125,13,18.65514629845559,0.08466981427528941,0
105.69466679102926,13,6.453143752067006,0.4645384635244192,0
148.63390246293503,8,99.99793004551898,0.7481102411599355,0
44.373183208007525,11,34.00604750282076,0.2216638430873883,0
20.23588636602317,18,42.448765734779705,0.21992454803937422,0
102.93856970270605,19,42.13257991105423,0.9472270273467108,0
39.71565289067079,6,26.42344394527824,0.9541537271191779,0
196.66381299462213,2,10.692463577689896,0.9904657320615764,0
13.082426019119856,13,68.35062258602062,0.8076596015747801,0
56.82141224259928,11,6.794208790054563,0.18818416916794556,0
50.538644374220745,1,5.4837008431542715,0.21198152079926136,0
278.14898771021166,2,61.91873053756386,0.340225241522392,0
16.621374765044198,17,11.712564501307435,0.31813253133349084,0
0.9895625611658154,8,18.319870671025207,0.9565277490780091,0
27.192055737955183,2,32.23951903793966,0.7890739828816936,0
171.6337722023048,6,29.83291358008835,0.7240087921615539,0
23.48642410877316,5,61.64933755423441,0.18596322405813182,0
27.559286061049022,16,48.83280443183032,0.9095255593623296,0
13.914575747340626,8,51.69689915836998,0.8278703795061738,0
125.67978089953988,19,62.59767267675682,0.1636418413279237,0
7.168311964600423,16,17.308849710337213,0.8711703319609725,0
40.22826310574191,13,19.45498611234493,0.2722475363704713,0
33.19805566056354,7,28.812471089659535,0.08086974583210604,0
81.00400046001427,16,18.3696209317083,0.65682230651421,0
131.08762319558218,16,209.77857820111146,0.6538046593843306,0
76.11614625148901,12,84.11439092770495,0.09493200956561809,0
267.40255551414214,14,8.995504630975345,0.3188518089365824,0
302.50094765273695,18,0.28049308867048506,0.9928144622555386,0
44.85793034936283,18,2.186272160428784,0.6784266670087369,0
150.36391860416416,16,13.989891813793943,0.7300751666033292,0
134.24741774139056,16,6.068357374250977,0.21291728560430567,0
223.45955806152566,13,38.10751491488791,0.07878207100391432,0
59.41051368440002,9,97.59472895908506,0.27690168974093765,0
75.60298726946137,9,66.73259835724782,0.24889838519319196,0
53.74679214596066,13,12.142386944276549,0.2345441007480531,0
189.9635942586142,4,25.482919930734777,0.19275432188703956,0
26.097823542045713,9,35.453078216284986,0.5747556906554043,0
27.40541271615877,15,83.0907606291132,0.32810347584182176,0
46.61791177455423,14,91.35532490877863,0.8203450150475304,0
26.181009977816682,19,120.24103144000857,0.183947417847384,0
82.32714387273576,12,35.59053839172234,0.4646270708685445,0
14.443647346124925,6,59.25342222603566,0.013657836426079983,0
38.593637038109584,3,5.927937704316122,0.48168232245519205,0
244.69717453431983,16,41.65368721893146,0.05583822087647439,0
52.632085754168656,17,14.29696689288808,0.9777235118726436,0
137.92540682180447,16,28.2567771293653,0.7905921286504128,0
12.043150542815996,6,50.26299779708968,0.4901114766364554,0
28.44400111390748,8,14.852015413545322,0.08658735817935026,0
164.68574788683475,19,2.6798002214587715,0.5924454407904143,0
143.96653336063216,2,0.5143291176106313,0.7587637507018775,0
48.80143221608663,14,1.1204373266091905,0.1907172530047453,0
308.77796269070626,12,0.41923959190148014,0.5682083407874908,0
241.51158740582295,17,5.846641790316701,0.814210898382868,0
327.8115055076779,15,13.688216395294244,0.7682477776463164,0
55.84671556947076,18,12.501431532516575,0.8029920178671529,0
21.999050699410734,16,216.36402329979498,0.8793234248697198,0
98.52621011583726,13,18.264605782253483,0.9376821021594702,0
115.44627668804681,17,6.815091815783656,0.40552115520353593,0
13.403641664256707,8,39.43474928820084,0.5687691025228773,0
154.4038984814428,1,97.58143281891253,0.7906595260456108,0
1.8225296092520233,3,56.66956282854394,0.6971398139457832,0
65.9187179714231,16,17.554676675421955,0.9955202282643788,0
40.199552332698026,2,41.23302024329407,0.01367765110464414,0
134.82399428205994,15,62.73804363394404,0.3551332153157907,0
37.507276125732034,1,65.11687248061968,0.28102792627020245,0
175.33493505621544,9,54.91138642569558,0.2623158501655346,0
90.37533759529778,16,102.32371890034014,0.22252978249888578,0
157.93615827838053,4,102.05161878867648,0.7091238408152291,0
454.1316696896133,12,43.248588320387114,0.08475947327532185,0
113.68075664798647,1,28.093348294038194,0.7416088339433383,0
419.63983087154395,1,51.30113603190202,0.6934258420162734,0
2.9260263538014555,7,85.24570567783745,0.2508041325008964,0
41.27012083730524,18,0.28340692149891167,0.25283378316516125,0
11.41246583192731,15,241.39699670159186,0.6288605853445022,0
30.422472592436296,13,10.099308547266322,0.7621711054836778,0
182.56548775653445,16,31.767408354163756,0.8764856130873655,0
3.285719926302555,7,102.79786727545222,0.8521395638544758,0
73.43503638325559,16,12.747218939322897,0.9648829941638531,0
83.73148411991997,13,32.38911751250239,0.5813848953365112,0
82.36002228492268,14,7.111725192291275,0.9086555613403596,0
64.49230314482571,17,25.132649328813873,0.8085132732604108,0
156.352313904973,12,9.748183923834738,0.8946676243140136,0
14.334289928633659,13,22.59857930946828,0.011626601285366633,0
37.190028566805076,15,23.37746951119782,0.965902991865811,0
95.63995782584723,4,249.32731097259216,0.4735301628464783,0
117.42566237504218,2,263.0802716546655,0.7981829895748429,0
51.77636895398423,18,6.096308504505086,0.12720411933778086,0
208.24160678174945,2,64.72566175140355,0.3959410958139741,0
53.698720077867776,15,2.656616570003939,0.2714606630209909,0
51.54632515374416,19,1.5328590518021736,0.291658770500937,0
3.6879009030667023,15,5.565234825463904,0.12325561995088175,0
80.10472207372163,10,168.31901512199155,0.805763832543007,0
123.33358379556132,11,141.39538789065944,0.00924231458107816,0
12.153299191829893,10,10.779099374175113,0.3125054569852025,0
36.44663123846971,5,8.817312361558631,0.17441054321641503,0
151.98575429712955,9,13.75705774372202,0.5890389406083405,0
45.557925913789695,19,36.23674236753842,0.25425240261454385,0
27.654757440740653,13,42.164170193033144,0.25899845452809966,0
111.53536369731516,18,12.525315415998211,0.4883381439953187,0
21.910020874168225,17,70.65713634229999,0.6526890393409257,0
226.0032624606227,6,18.520815520239267,0.12130470456516362,0
11.160038323110019,10,127.63657659377428,0.17551145246549615,0
122.6047338210179,2,53.46083612191723,0.2471747445945176,0
69.22449902288093,6,28.66619531841706,0.9737482141179605,0
203.9679147546756,13,78.01143982634723,0.39715249994292035,0
13.489814452022127,18,85.16398071184368,0.5989900906310265,0
113.28774466008073,7,17.158442843371517,0.24154281271597788,0
84.87597531885226,2,20.754151406380185,0.4904595251574879,0
65.40998328952196,14,137.40858590118103,0.07411917438595805,0
67.61077073243071,5,9.000673425805763,0.03474214592232694,0
128.0051297496824,18,2.153226239121375,0.4687335268214602,0
277.64626953502585,11,30.26188159157567,0.39865928751841206,0
9.568707585167079,10,80.77528930089898,0.13688031969182768,0
1.9695333615083213,11,73.84775172092318,0.6876014289207337,0
163.8376588271973,2,125.9939325174507,0.9929034908992644,0
11.447906079207737,15,38.0927900906026,0.39564682119671246,0
431.9750376556526,7,5.271618776791681,0.6245586359173945,0
96.58703611060871,9,44.42027986195304,0.9629759423644857,0
105.23006084158378,5,75.34307667399933,0.8315349724468752,0
22.175913872821585,7,4.898732933716793,0.46355222330268575,0
27.484786475940908,2,9.476820131521219,0.7374894844599194,0
107.69006115302126,3,0.6183407985086069,0.12813504025052402,0
240.49150713080283,2,45.02733848240288,0.5121038554637992,0
403.93198457583696,19,108.90098523265053,0.27906027717993653,0
22.068525868192566,4,55.53373479357203,0.1611636878961611,0
14.400851242021067,7,200.98065465617157,0.42628090625453485,0
5.805437036528445,7,3.2553956271587094,0.13101455443361443,0
202.7206029345153,17,116.65277438350789,0.6989851081744856,0
34.91530854028216,19,84.11879045837833,0.4562400440533355,0
0.1813677588573503,16,18.861489197333892,0.5311446325646638,0
25.336836108719407,3,181.58065022031252,0.146375938668157,0
41.618397055671814,15,16.979496952431383,0.13977166109349448,0
470.89951586052797,14,110.04870562598332,0.5834154352601241,0
74.13748500590422,15,106.32606084964816,0.9850097478294463,0
22.90534146996786,14,70.87018726483731,0.09625058323772562,0
40.769510978484455,7,41.444963147486824,0.28573142856578126,0
40.093690723740615,3,6.391824803970595,0.8694591165378875,0
1.992289592059979,17,37.961329425663706,0.07227201225523694,0
14.52374177652044,10,22.06468698511601,0.8758857213669513,0
118.80878400901562,15,78.56305863314721,0.5242859833747512,0
12.811862420276455,6,70.96758032753728,0.40826677392642585,0
26.231882508782974,17,120.73872550433893,0.30968056435145586,0
43.19178651409364,17,0.7470614373072438,0.2971171581278419,0
141.7722881545063,14,82.80111996101559,0.3058025824494788,0
87.3233552923896,18,139.40506360432934,0.8848030809601958,0
116.79623185346348,5,77.86610448397433,0.7237952301747855,0
83.70460165583958,8,6.974280470477569,0.6697230078311506,0
115.07241028627837,7,4.238645384762683,0.7987491489520008,0
0.2846200251865741,4,1.0532784537686346,0.257114663004145,0
267.2173694320594,18,49.54333646127728,0.6180428120817557,0
11.75683184439314,5,49.668396988953845,0.46006623895795096,0
52.12954010692323,16,216.8095242015147,0.7824416352001934,0
147.4200845121302,14,25.378477701302447,0.3092561104732855,0
57.133798169260665,19,20.16634116079439,0.6431786168698957,0
293.4497046054277,14,48.96484500779971,0.8822124118173135,0
63.03394347855007,9,87.3226748212439,0.4021504761949287,0
207.89569039570418,6,138.0519435832497,0.06662208736746145,0
166.50992241147293,17,81.25910170650673,0.5160508223417928,0
396.25956542106616,19,27.81503774060747,0.34597248780702594,0
261.11201624003917,12,50.38114906267068,0.672225380547175,0
228.39972690853378,4,97.00114002822401,0.9510329247486061,0
131.52930458464797,16,33.72703678413505,0.485608317996847,0
45.728192993579995,11,12.2111231719934,0.46619023015553385,0
11.218980287256226,4,9.299821428447373,0.6545848001914603,0
116.68217065562483,17,0.00788785105206207,0.10349750359356769,0
384.6894720952273,8,63.334625910395005,0.25350618892501464,0
129.68355850064017,14,5.888369786521352,0.9189793255003985,0
264.1270947743738,2,13.975054717895077,0.6699426133637663,0
163.11964874225575,11,17.68228622748865,0.013444043983416254,0
17.80682251868802,11,41.09221217182584,0.20462547255901986,0
28.662099638053913,6,25.371343412209725,0.682837266028899,0
41.83461158727456,14,56.14637489776452,0.7643992025625742,0
18.423592122641814,10,2.8623204970941565,0.8398595726740419,0
87.14400617912152,8,6.615988875728733,0.2921768033820449,0
370.70647746620307,7,34.578571488705045,0.9310285962775626,0
143.3213377410767,8,20.546358993498597,0.5529468935778924,0
55.058351288938645,8,17.535592411564338,0.6965390223878929,0
0.45146567238666485,2,3.469008700954912,0.596738862779908,0
37.582283042580904,16,113.03338880695941,0.12274005467462046,0
74.81511144254117,9,58.853333165853314,0.9631146593848798,0
39.193338698508526,13,6.483693938626428,0.12287557989415265,0
11.769732773125458,12,3.3628951780762537,0.2548819564111836,0
58.47681475642932,17,184.18968727653086,0.8136278802229802,0
29.202859419395864,2,57.15526165054013,0.6185969615011014,0
239.94526259199836,13,27.017534097723082,0.838149165376357,0
10.731189447187207,1,60.487982586435706,0.5157361883740449,0
5.0401722192722005,19,70.59738798429885,0.37699323536663487,0
0.5328339576739883,11,75.69779700316165,0.9218454995477849,0
39.76006409871852,5,32.49263360384902,0.03625231751479485,0
107.9948068525912,1,28.09566259020241,0.8561302203530459,0
131.08669134179718,13,0.554467219723381,0.23081778518778162,0
60.37849884358766,8,130.56236258018478,0.8487363277539678,0
115.30536396912055,6,46.229740573744984,0.1391966134168856,0
44.615279323483534,17,11.35468823155609,0.5802189636905405,0
110.20368055983911,12,126.03918169095094,0.888107919011472,0
4.144300533086447,1,123.21515938010634,0.4735396468988905,0
49.55314852446745,3,226.33719781832582,0.7465666738033929,0
156.4702039776347,14,103.59611933120223,0.8046716178555584,0
162.45821621797006,8,305.6113267233727,0.7364942087167792,0
125.93050473689998,11,14.031098560983772,0.9253297368745983,0
22.845591266439357,14,92.33705740411979,0.44683423051992865,0
28.396249058880628,8,86.588274794939,0.17312543916515577,0
554.3892450153654,3,13.129337810194789,0.047811063702479784,0
10.912091845384648,7,5.181298209840253,0.2464598696375051,0
19.925943486195983,19,194.17302544632977,0.1431975038802421,0
13.929224669709845,4,17.550589887563333,0.5579487414344805,0
39.69836233283629,16,102.35521963309169,0.184945337211732,0
23.59449345403111,13,0.20678474416995765,0.03893370728937118,0
68.85337578739153,19,1.0624488059269348,0.03598982886866786,0
64.63031123887036,5,31.355923705296984,0.8315694983648616,0
231.77557826985594,5,13.637353441529315,0.5914499314430248,0
3.535772943440056,4,58.533556180415346,0.35808530189337817,0
38.54854033554808,2,41.68536951360032,0.8942280427402469,0
90.79701739169896,13,4.03262537341716,0.0701966114077136,0
92.83677712255576,16,8.874360832417622,0.9803220727278259,0
65.41692449790025,2,24.55517531710198,0.616291790254461,0
169.10034584501824,19,10.26543116602116,0.18346425396884847,0
6.477553206453145,17,78.56433740893262,0.6790690989769685,0
169.00395064812713,5,26.89872848724223,0.7633812597835626,0
68.27103154811837,18,4.904454546523079,0.4293427833707745,0
14.35940749634793,18,33.11566368458709,0.8616326062455474,0
216.8945449708017,8,4.76160910068936,0.1507324072964703,0
104.76210615900415,15,6.902066235993014,0.27883758357760835,0
17.85833766925151,13,13.696179926268625,0.09349236158398977,0
3.4228905317997396,13,98.13725000132536,0.21087784060735215,0
15.211401163275609,16,129.25571145477412,0.23872881191114503,0
93.85311265722713,13,87.50911404455826,0.9176331909217101,0
19.75930571266384,2,20.329077861619442,0.0781096887511562,0
25.58773474203044,3,15.903383108869162,0.42741512018770944,0
2.5461126721944085,15,39.83166057370916,0.532398687226913,0
128.34875233827321,19,63.98030526092931,0.8986930538021608,0
166.26509418049815,13,250.8285550107226,0.9976962186612135,0
159.38016818021777,5,7.05345575069691,0.7533881149198358,0
13.647073840250561,6,2.5274153886766886,0.9707909905690295,0
233.61535352129744,14,59.266694490657834,0.7871011325358738,0
111.55921219892824,4,89.25680764584418,0.9632026409714166,0
227.8171762100294,19,93.65350247220789,0.7072707259444552,0
59.268756286278936,7,56.732218202760464,0.07976342545107107,0
57.43954783613153,4,153.9728754667199,0.4019201869926765,0
153.49638440530805,2,35.7701265477343,0.6465972838024704,0
9.794127913687596,7,122.56283952421259,0.350718509454251,0
73.57917446074899,3,171.80829113442562,0.2733839181137786,0
181.0234500233405,15,93.91735091238044,0.577399267133091,0
177.30902078871551,1,18.535691713681604,0.9335018767024349,0
312.6589675163945,2,10.921213431498925,0.03498187351615356,0
119.82312968054374,10,39.71693824633411,0.7692312035414377,0
23.290431980311517,16,30.166672144193452,0.7227272780446271,0
2.0488783840221196,15,105.08776958754449,0.9639534253882871,0
65.28036338416238,15,5.269785317581337,0.9307112223325436,0
72.0937510653046,14,14.902788774024023,0.7622325620441929,0
27.478241132232895,14,69.67580768385967,0.5204087646825987,0
13.318567767494091,6,4.9902789229973274,0.20426755323351986,0
88.2392248496911,14,19.339362569826594,0.5452357183255744,0
144.50074257291152,17,24.482193641148275,0.7653519939196538,0
498.41058704757046,18,48.721660444100486,0.8956692126378931,0
142.00688196743906,19,8.606640681689575,0.7897120092105491,0
157.80963035196373,17,98.52199965761803,0.19526693519105398,0
95.83136509365353,16,29.66891463975458,0.5996863142280594,0
426.3188793388534,8,124.45881471641283,0.332173459531357,0
102.15301024108211,7,31.54336481434696,0.009205667390642991,0
196.79236835003945,12,16.08195776213557,0.20022093578866607,0
291.4791130965487,9,7.6475849513855385,0.11322064993344927,0
265.7240655835394,14,0.1876062568522873,0.8427191235394685,0
48.0321223085603,1,37.98117730366601,0.258506252147812,0
8.192838094551949,10,5.6672092992646155,0.2846979688875555,0
18.858960306371696,17,24.856637002187174,0.9599365717988843,0
6.104947403725547,17,44.491175137145994,0.37908672304885216,0
11.13751616860398,17,16.12650683112496,0.009585640144394558,0
20.413933812372502,4,9.632189957268139,0.28384614834613653,0
41.717487549234164,17,74.52092043360975,0.11929958060181245,0
78.42534317331128,18,146.6765480922075,0.10280856173585395,0
124.36914471899408,2,5.292499430506574,0.07748729013574951,0
23.689686618739128,8,8.45587522527078,0.5932594701753773,0
111.63356361343419,13,160.95961531305605,0.18934772362985863,0
121.82714596118541,15,1.925827590890656,0.36124279404101045,0
81.78543910303267,9,190.00694795564837,0.8620177161300168,0
233.94344659049494,3,0.23276511045212256,0.42433813979627566,0
11.765220987648599,3,103.44235533168471,0.9156913500516376,0
19.49466682997251,2,18.359731327637704,0.49793805339560626,0
55.97792439752318,1,139.50819986904816,0.39883661483975574,0
13.549072255466099,14,19.059015906642117,0.7503889270907016,0
83.53933366057265,17,53.110110920323386,0.0731750987680021,0
50.81632819608776,13,4.170850574260507,0.08947838298241739,0
33.490757369521134,19,13.87535477426206,0.6519737139229607,0
18.63173047940857,15,74.29012321984474,0.48694071323924826,0
40.847699681699225,14,37.61152149844481,0.7904152503192102,0
93.63897477115513,2,131.5329777428708,0.9162708373435314,0
85.75153739265335,7,27.99654010722795,0.38836687767154754,0
17.867700649530477,17,101.93892646237461,0.5964100265846463,0
13.343975195580942,18,29.796979868970507,0.5006966277953099,0
2.70390449850767,6,193.75630408123706,0.9816106556424329,0
1.250343698860491,8,160.73719539890286,0.8310844073565952,0
211.86850802813967,2,19.959494841488574,0.9117377082773536,0
4.61369857677505,1,108.54437484470421,0.2543400875776042,0
131.38662071717158,16,94.06606362378984,0.7725264231625943,0
205.56085862543432,7,11.829198353030472,0.2654732249976489,0
10.320489463742575,11,48.94693882555368,0.2087425334283899,0
57.323560976797275,15,3.7729535247981163,0.9442661596555508,0
327.8174316950217,13,90.6115965391953,0.019304416717866646,0
179.66031440456211,2,9.591079992406492,0.9653887036634297,0
67.27643918994401,14,3.67235498813321,0.1492618969888062,0
143.78871226234648,6,25.559542484210475,0.8194380817932682,0
179.20252511349202,9,43.00995236850914,0.2759225530681031,0
42.77520724945338,7,96.52245004518001,0.3507023274307274,0
222.70409521312638,18,182.9515211496172,0.21675771132198496,0
63.57717274426875,9,28.9456339037703,0.5855140424810796,0
75.03682486048558,4,3.1175483382299825,0.3480955475078741,0
813.7517188082361,9,69.1381460053907,0.6573930394946632,0
185.3441058658034,4,41.640380870101055,0.015647317942065975,0
44.90565680803235,12,29.700520651271,0.06437488351503962,0
1.03994841448345,4,18.50023232065196,0.09966115273124865,0
98.396502786906,14,34.897788952387444,0.41899368531023107,0
121.71033881248749,7,20.67584215939327,0.8147961726599761,0
105.21181587788371,13,70.73713376503643,0.8881779103783827,0
343.7727075151163,8,39.251468745486704,0.24481074006090076,0
198.75628961851987,5,104.71670401563415,0.574369724239014,0
59.57150594493045,12,39.2131391074697,0.7683649926926005,0
6.491991382905804,13,13.607657853392164,0.2888294299196087,0
64.63757564891596,14,95.22129112626743,0.4090077367362732,0
116.8747304889183,18,40.73400446515366,0.5239742026857139,0
93.5753427932367,4,11.586581056134078,0.1348748464080477,0
77.24871152765057,18,48.84289877664815,0.025982293725780314,0
63.2652370491498,7,22.13629482398006,0.15280580931828325,0
34.78028080290097,15,93.02513683017067,0.6268536212535334,0
32.48257869856252,6,30.19272975124276,0.07361826153368167,0
69.3610245609622,16,64.81196336666383,0.1896963648501283,0
17.507167651670198,8,5.020650275109531,0.3378538856953037,0
41.65545041656798,16,25.21106951536612,0.07787006430636634,0
39.15315446962712,16,204.4422947989192,0.19169927116163443,0
88.46292912031487,3,82.63300631020721,0.9112697889835111,0
6.900962201619569,17,8.714145812760261,0.01929913222698476,0
177.00097990336096,9,16.270169609958863,0.6534319241743621,0
82.64006241230922,3,20.010134611193127,0.3844089309151849,0
111.11708607782391,7,52.543356444201486,0.6726487394323711,0
121.4339364447246,18,70.7336134993969,0.5886917203634046,0
34.45828303244014,12,69.22012934426621,0.22349875435464428,0
63.557958883832185,19,35.65464464786858,0.8472094875733885,0
312.91712331858247,16,83.25295895990207,0.4919403826093567,0
145.54525519719706,17,28.730717548573885,0.8225360189134717,0
349.18950976167474,15,6.612642817626588,0.4060125361882192,0
137.14228725019677,1,41.55634738784434,0.984685553915239,0
19.309959943275356,2,152.14264543930054,0.7704893585012963,0
6.671249193491829,8,78.7502908292838,0.9659502051125735,0
86.19480039480007,2,43.220582368211055,0.5143264789098588,0
44.28761759936704,19,52.03684181420969,0.4736911322907005,0
32.22154238614678,9,133.36607001182978,0.7554538093252579,0
164.61589338338152,9,27.96078791095803,0.8802912630134302,0
45.727422037311804,13,20.12802694351968,0.964145795865558,0
38.12618392283197,6,189.1409716546032,0.3245519060324997,0
189.703727609975,15,99.55070733963531,0.7987045738426389,0
187.2670240721985,19,19.507419359743533,0.2106455976355367,0
44.06260282823751,15,31.160593419174386,0.5455743467454452,0
178.67641724394238,18,26.813849726443845,0.17984814840919916,0
190.2323434932316,7,8.072779380041863,0.34739736175033886,0
55.15270266508799,11,158.28965365399478,0.9313583672064593,0
6.878553249299298,8,25.901948141033447,0.14609069977308609,0
0.15859013433600855,6,104.1038837164809,0.6324008951351965,0
74.08521058810258,8,10.49632831726919,0.5929542729274033,0
42.1709578017665,2,39.689366140678025,0.12073835270898647,0
585.4103452590289,19,1.2126564464920484,0.32597904376881215,1
148.02139066644602,16,72.2429082106251,0.5629815045152657,0
143.24449287632075,7,43.483944336262454,0.18717860898849026,0
310.6502244800093,10,49.12013564183217,0.8006236564128154,0
218.67986972377747,12,2.6553196188737753,0.9721565095347499,0
38.3000555493281,17,11.85187700311863,0.21475939996247206,0
18.15065549228741,7,3.861921087221957,0.18691196479057592,0
136.99969486056744,8,17.0481172104493,0.45493507179744463,0
47.5255626764242,7,49.36772584000251,0.7477652771400322,0
64.08823963203297,4,41.75696860113566,0.2816006102352514,0
99.53278009077626,3,47.356807605412406,0.019879908697280402,0
238.45837123481303,19,39.842261874296284,0.541220628032894,0
54.315557255836275,15,15.943420557035909,0.9566005677673076,0
152.93193163449072,4,14.019271050206129,0.39127685540694557,0
31.243906852342278,9,7.3704874250907135,0.4201345541831004,0
119.72348584317764,13,94.5472461288849,0.9689017171140379,0
0.15806696782662094,18,47.918091787062856,0.6946076116267283,0
205.18825123364422,16,10.321144480233336,0.7191719228421252,0
3.085060361086324,1,9.752676057414217,0.5627020053710676,0
124.74154337489183,4,103.19242793999759,0.9746092108632416,0
4.736228280175826,18,67.88162596656399,0.6888664844255561,0
30.958104672447355,8,53.852190468184524,0.8950327516051695,0
68.7567582620655,16,26.116587262925982,0.6993788657332212,0
54.462146611226935,11,15.188917209804837,0.735115824840396,0
21.299041256385777,19,194.2465736586686,0.2904109221422465,0
40.61877367051846,19,79.7865084709229,0.303478698013819,0
130.08742731161482,18,17.96099635000627,0.7829846495760292,0
110.64139201463941,19,94.05078334285099,0.2967062891698996,0
7.452376417515431,11,71.13380072286009,0.5627700708015316,0
137.56148924805592,3,17.625648696629177,0.24935231090670196,0
5.450463596344336,8,27.8044753749804,0.8169833808090694,0
78.29108268790824,19,10.28688611103516,0.11050135122769,0
30.11898910308003,10,5.885851887983279,0.8294466397616644,0
88.59800947580379,16,64.1439527188853,0.6027298005076018,0
30.290183560988147,5,15.565406286787251,0.18690953482707728,0
419.6906971289381,9,85.75641460962582,0.5420353855061182,0
37.06698223367277,8,271.40662951362964,0.28249883684734045,0
27.701996286033438,11,3.985711335988265,0.3234673347304966,0
32.637479508587106,16,32.03106918373831,0.35152804159688034,0
226.79214519554333,7,80.99021271637092,0.06331924697232094,0
101.12027697881803,15,77.78322273833007,0.9859616844014174,0
131.18702293699081,17,71.3552257711305,0.031534628131224096,0
250.11642118149234,6,21.46189284648271,0.6624968731842784,0
242.89704774911115,15,30.243378843290436,0.37122764775743056,0
134.30274088086577,8,45.1895042453264,0.6460102909466989,0
22.042777841767265,7,182.36880504921317,0.3562482530875838,0
185.38901438760928,2,19.841173066752496,0.6737506462588587,0
22.787476863162574,13,128.29101384604823,0.7292355094683608,0
135.8285552112732,6,15.691509931750089,0.6905526403996448,0
115.70989721161105,5,225.8326306152668,0.11396198135815228,0
142.2497249076039,1,55.47309974628599,0.6568932346546846,0
76.07531871469342,18,31.135505787916312,0.2799875494540973,0
101.81191102388307,15,47.51699766188266,0.028801370569333518,0
306.4441194664138,10,15.909206244792152,0.41483067188895395,0
10.657079683517475,3,16.022238299595294,0.43354310280380104,0
36.93944590593896,5,6.02678412694855,0.4671741333524465,0
94.5094128234914,13,6.054754970384327,0.7048241653907162,0
332.574108685273,8,21.360368987311315,0.3088438091424591,0
10.045528561897244,2,71.95427628962966,0.3152805131039226,0
2.2807342896929215,9,46.82099449254949,0.060552256241260594,0
5.736389215304805,17,5.4118190348742035,0.686821215992296,0
5.382880762433321,18,95.60712126689289,0.567826091399584,0
238.39671564594593,13,45.98578288588853,0.34942511269378806,0
127.74683258795503,1,162.0248656650881,0.7051889789173547,0
113.04323171021939,12,55.46124024868189,0.5373577492268772,0
73.93436338572356,5,9.629193555918627,0.46924494587053966,0
152.304288647211,8,32.102114615228885,0.5113245436611265,0
16.91858011480868,15,52.27693664480905,0.6363481252670565,0
49.748367437210675,3,1.4335918896155508,0.6600026045745995,0
67.33528881305466,6,0.7511269789356181,0.28895781914071716,0
11.699403188805254,13,6.928804822839703,0.14074336339115323,0
54.38890945528942,12,14.49518926782366,0.15663418119051875,0
38.05312259855596,19,28.066410973545818,0.6393908859030016,0
3.6230619567209987,18,33.416921297646525,0.872873285767126,0
14.703403318715996,1,7.42660188808279,0.4094962783455518,0
144.4079516501175,7,55.94966576496908,0.16952016032946238,0
1.8202575756387882,12,45.334109814947475,0.7566024982938546,0
272.19457855536507,10,17.439881072244425,0.8324894744194485,0
9.038940240450788,12,0.6877019026818203,0.8805824431209666,0
160.5635621330809,11,4.041412888498427,0.6068314289137332,0
228.88453268067485,4,24.85392545101939,0.8607285593880847,0
283.25185279544405,19,8.360280103221445,0.015414958448407678,0
202.09992410116504,6,23.645962268165867,0.10723580176952352,0
33.90456000781795,9,49.46762087829612,0.09257606705209875,0
40.509587329144544,10,39.61937071267934,0.712604684254733,0
55.607702930179656,5,13.144652616488273,0.06958178354357902,0
15.0005420938266,13,21.066196702412782,0.49636437246630705,0
2.2524231672343307,9,47.59993688901632,0.4727068986362891,0
203.3486740258125,2,98.61194628220159,0.31070352355824093,0
80.77249699841985,18,69.96157201869052,0.8704051699420998,0
93.83393821470638,1,40.30459998299293,0.170433201879996,0
261.71379710870735,12,22.49381730664001,0.35246278439923984,0
109.39835521575453,10,22.710551769220288,0.7741715000229291,0
117.39400184447277,2,105.7709769760883,0.030422314393284244,0
154.63159336663315,9,2.001718157942866,0.6729504002463687,0
12.36924680983408,2,221.07016878823003,0.8163977263615706,0
44.654049912714996,14,54.58810189292451,0.9322678388381672,0
344.85383191241255,11,57.1497963961398,0.8762966404914849,0
256.30421925650927,11,1.9369290097494467,0.31938411683368517,0
215.4814404758643,17,46.510517451608294,0.5863641413229526,0
60.164152029621185,4,33.15787599352743,0.07729349315046585,0
194.6260885663847,13,5.590111332969003,0.2578700035480086,0
4.960617305719745,7,16.281106379894126,0.09422237874750738,0
16.07762421035823,16,110.50688499537186,0.31518729015396385,0
53.4380368883425,1,39.92409770145,0.875187213458729,0
66.04710416480023,13,26.67201895931488,0.3471668396742926,0
30.58557559858983,1,3.7729449112995908,0.5618981030014264,0
44.079699906430754,11,62.6094239726936,0.4333808481149408,0
17.766374250307322,6,60.676049407551844,0.4589165242987353,0
67.16480161693738,3,47.60154436652854,0.9695720518365583,0
157.91186851552908,12,35.69430221394132,0.29615446826385794,0
108.28188452474234,5,28.439017924031297,0.6273244695231713,0
11.405626697977242,9,44.980419580218914,0.42006266957944705,0
66.86138067873351,12,13.289209650460036,0.06114618104768621,0
119.61580286490981,10,141.73092108678523,0.48933083162423596,0
75.47998357988305,19,44.433113020344905,0.8133433290451083,0
49.70469809779147,5,18.63966783203535,0.09875296868168837,0
97.26347102669732,5,29.86275404020844,0.06959184739630897,0
346.2179523827657,9,81.91368194369839,0.15363152039326666,0
9.97185832945653,17,8.81395610021288,0.7644001113893061,0
49.43226512557586,10,17.32460700266525,0.723995384144738,0
52.189643475022486,1,56.894901743702356,0.5650177689061106,0
86.03058227052041,16,18.952543295393262,0.4682264040926324,0
16.50805628358869,15,78.63160223503476,0.8883258147026221,0
19.43654297809608,17,6.989172643023624,0.7666978238334825,0
33.59782990254709,13,71.91859192484588,0.8119422513018052,0
312.0616436179738,1,3.5399955985031477,0.8132623013506542,0
132.466725365296,8,0.6336285792343935,0.642717154745558,0
108.38024034846119,5,114.24881156713447,0.45801462431594586,0
169.80379364423175,6,43.53471369515458,0.8646777525856504,0
13.64802722039948,14,21.679874208926943,0.9260074176032507,0
196.13586023679503,11,13.237005630694531,0.023806043258343013,0
90.34552450285258,6,47.97110591149259,0.0515548732662513,0
40.84631088130356,11,35.565779915958565,0.9587432969084373,0
169.20331770668585,13,238.96293951660112,0.27716061384419477,0
162.2343504232963,12,204.36642160756526,0.8733694396494187,0
186.89121382480255,2,50.39626160811278,0.3887951189614026,0
12.275300313030352,3,29.247879076281496,0.1191000576093556,0
348.5489567956701,4,33.77921269517477,0.08044320020933426,0
320.95730746830884,17,57.360576485531844,0.15650789908045648,0
44.23412189734755,6,5.355577070193347,0.24989319486736472,0
6.81653763254437,7,19.90104975569399,0.4885183539308262,0
18.278846914310527,15,3.912794969362189,0.7014979005657835,0
493.79647557813814,11,3.8095479002272183,0.9863985764852999,0
82.78517025669676,3,10.897804094867116,0.44150674328917106,0
44.10225454257965,6,33.20401278809907,0.5181849423431099,0
33.99620904735305,2,76.80340661807503,0.5218157013832556,0
29.704811092240334,14,33.22758688338796,0.5394343554879361,0
109.10988803074189,9,20.434260144714784,0.5177406571044623,0
54.36722691539232,18,4.2971241686417185,0.008774755061917827,0
336.42108750467014,19,39.95823150681736,0.0017248221098407068,0
115.15164502648882,12,15.822502312540788,0.09766631812612292,0
157.04316023065877,13,47.717049642924145,0.10155660342917883,0
34.635911918385446,12,189.02285651056675,0.7048969089547961,0
8.249766181004711,12,5.90058367271284,0.20491603251599977,0
66.90846930554852,18,11.920816861078924,0.8947141047556129,0
37.772574627731544,9,32.03670678579065,0.9286063295770195,0
22.575090376518588,17,173.06937310284468,0.9758933378958987,0
305.0022280990779,16,73.87878416346908,0.9390813048870201,0
58.69657877296485,17,114.25159928822133,0.27188832191852463,0
19.20187332565278,8,20.301877231619116,0.5097768447035125,0
22.145828801987832,11,241.65672805737216,0.175454970196941,0
32.949030656951386,2,5.425652654539011,0.8062096551724331,0
728.7944807452517,8,2.721378795276885,0.8884317051440961,1
31.199047623659204,12,96.75931227919178,0.8512888392975149,0
39.86908124180553,1,131.0465397646982,0.4333669486968349,0
107.68355171129265,13,4.74770682479893,0.758673884686781,0
34.80853353511646,17,6.019614594785788,0.09757916957626944,0
24.30966100257365,14,1.6868450420397614,0.04024477061925069,0
17.273230496307864,14,5.519075133960107,0.7532364143087609,0
37.495917933035,16,11.749409697695548,0.4253552743286837,0
11.195520135230142,17,175.45575639577416,0.9955492647395692,0
1.8822625797631338,6,55.109969065911244,0.0972542158555324,0
163.2919956898053,7,75.37860555081133,0.8556276815352337,0
14.837813919557204,1,74.83658793841484,0.4799830655289917,0
149.60058834281443,15,38.293824382454346,0.827150195503877,0
159.72251872145574,18,79.84804814350152,0.8171272821701449,0
77.20162176343808,13,45.29320547452428,0.9159920013620774,0
37.06028576051948,2,18.883701446354017,0.2978500112861028,0
15.669209586585833,19,41.17533573034815,0.9497993534620031,0
133.48604821546115,15,38.12578321485806,0.15166696035762028,0
91.97642224182715,12,86.70842268049503,0.08196877759349053,0
106.5526093136261,15,200.11713074307934,0.43161551737234916,0
0.8706884996077034,18,26.470068260504426,0.8283229686418426,0
262.44034440859963,14,72.06724651242087,0.4734211306334456,0
6.8589582226016645,6,5.254861073813166,0.8292866775305141,0
45.6978245301488,12,74.99138012376943,0.7296868057943052,0
51.53552832875873,6,23.214352960072706,0.20942838613893355,0
0.13564440523607402,9,2.0093474607153134,0.9488816248994638,0
68.73426780281719,4,22.568608183387607,0.060781168629403415,0
139.75939396229097,17,47.16289893606896,0.8982797075437949,0
173.31245136629332,2,6.349082607283471,0.304443448990374,0
211.52510638711738,16,128.87379447411917,0.5001480831643993,0
66.88817193132711,14,4.042740919588565,0.4223518727007345,0
99.59731871308564,8,132.9678019578752,0.17183455691691618,0
8.285969439546877,14,61.402606231603386,0.35814686640169313,0
66.95053135298798,2,20.002403495500452,0.19293443629279527,0
16.8200633820661,16,24.7763578596796,0.20388647546052385,0
46.14691400215133,4,67.5095722263427,0.18705683602638035,0
39.94412572804145,1,45.998763181763394,0.48901738034659425,0
55.08503272515141,14,55.68268043256819,0.7979313675113155,0
84.77834201919306,8,24.64638887866741,0.568970033761241,0
233.1773428615681,3,33.45332134684028,0.8932065885508419,0
50.1675334556362,5,229.6002812062805,0.6365444885767242,0
397.02452873513283,6,12.035018111602996,0.6893401156326044,0
142.30747342195858,8,27.051887978988393,0.6676072297270031,0
71.63770094564227,6,17.253074070100492,0.44945919318374117,0
103.28988124380368,6,72.43221949823325,0.6893388222000828,0
10.783487562085629,4,72.19884869855949,0.06970774646896116,0
186.12480219895977,7,17.29702827531566,0.8598514719156631,0
87.31293679669886,19,4.244698285287541,0.7778121434439174,0
427.3529618073128,7,0.574926606872709,0.2452299582316788,0
101.17799730293417,3,27.882807123490217,0.7680324542540824,0
179.64399049968304,8,26.41025498185769,0.012642601400018494,0
160.8252329491582,1,222.79390151287276,0.21724657248088042,0
42.382433934825706,1,31.725245003412912,0.06513723867089594,0
30.057904905190856,14,14.813836350550998,0.7802269166178947,0
56.29852291373191,6,110.92572894470779,0.7558741511783872,0
62.96867611318011,10,33.77203838577505,0.8136360238018306,0
27.454830182940043,14,45.711597033318654,0.004481693325528835,0
224.99724661426757,4,5.027975747935936,0.501232726678408,0
78.20830167898988,6,24.137539090298763,0.7048361975173365,0
383.7119271392643,16,144.32028866741052,0.15540112873901546,0
166.08247798640153,1,44.51962331577815,0.6497907275126247,0
81.12662085373059,6,21.117990295027962,0.08411009930968572,0
293.8223619337705,9,49.130499296339856,0.18132585610431318,0
70.29446495895975,15,120.62618671369991,0.475796814994601,0
218.13104934466412,12,16.00961586168505,0.653565152681102,0
44.339251660602294,3,35.171666955384204,0.1458691269538961,0
47.5848490664271,11,159.33332535401925,0.1852233308309379,0
54.15093976510128,15,9.461033650911968,0.204446367065663,0
79.10371061239425,3,63.588306491494976,0.23870080469897847,0
80.62940876349782,14,47.65824109151687,0.22655384852629123,0
68.59708355852545,2,56.92097914926346,0.39514910849763674,0
36.52847213339066,4,21.633051676228963,0.6537896508367229,0
262.0128129794489,19,18.835091315584414,0.43803178313446967,0
88.81555088224896,12,57.633840006928175,0.7759739087498881,0
52.380822790570846,2,12.13819418677026,0.7192685059486148,0
105.31905362147715,17,27.20660425293044,0.12652691404907568,0
146.08746322776216,3,10.42350216498635,0.04884162332074393,0
323.72457288229987,10,0.4169759221461263,0.8779415639996061,0
69.22459113602379,16,175.42358643983334,0.07983106656287342,0
11.889447722340138,9,28.255553601894746,0.14833918071971308,0
58.11869337031415,11,174.25550182877325,0.02213327555811806,0
65.1948734896979,15,7.559957314337263,0.6283363652986538,0
227.2968799062208,3,44.25980832282277,0.5823705631583486,0
50.219756683568406,16,11.218091705423461,0.9869036664352556,0
306.4530840072341,12,78.0500398059066,0.886932396317172,0
66.38445426098168,5,76.5551381891877,0.4108431774809097,0
364.1251907576979,7,5.9733748116539145,0.371585840912535,0
0.8232112178951858,9,121.55755759518388,0.2968520342799851,0
229.0808458634438,18,10.822652088762052,0.15240692003788137,0
267.53959801988026,8,47.46360194007856,0.13808365660200905,0
324.47305914816246,12,212.14322652203603,0.13228370800960543,0
1.3162784778729726,2,107.02183888396578,0.11411475718677855,0
18.838088133896104,10,156.8232521968541,0.24051204240553692,0
106.06361085476917,19,20.973037429985126,0.3066686303131164,0
2.5802737579649984,9,5.5787471648842715,0.9615789710389159,0
6.572215060557253,8,10.43411069717388,0.5784732510018857,0
24.984548816490527,1,34.706873043945706,0.987595774513281,0
71.83414448814712,6,78.80733293033306,0.37246694782567324,0
78.9443476804282,12,8.134985184991452,0.45762663258944103,0
3.486179476171778,19,53.901018097645704,0.32457865916527917,0
18.677214693171436,17,19.54687759894079,0.18288765089655268,0
69.25587004176658,2,20.866921319558962,0.14316470777757917,0
90.12558762404765,11,54.22330056084642,0.9450791978078319,0
16.06403380810667,18,31.461638288050676,0.9868106817987558,0
50.88965056231248,11,83.57452111991853,0.04490949650873155,0
234.75974853656317,18,8.475311825744011,0.15034587473176653,0
681.1797169286123,8,78.02007220786707,0.4235240923010226,0
435.94400298607513,15,3.3195583744378085,0.18633347634440733,0
213.43160644861342,9,10.786919382497764,0.3638803936268833,0
50.196514062396524,15,53.37744664609654,0.12909634985963336,0
116.01929233075865,7,96.52544771187904,0.45651175672179023,0
53.886889936128604,13,14.563065363155708,0.2716946161692593,0
104.56224606568854,13,19.81473469640755,0.3519050557586608,0
37.02415136220677,1,38.51445271723349,0.09431265146274759,0
93.19178355216025,4,11.88576061378534,0.4281280507101417,0
74.18301932312889,4,83.34176933902941,0.9832576109615698,0
2.4784889306266646,4,74.28069026599319,0.3288330468811903,0
156.4000523234228,13,7.849752592372396,0.876429274842435,0
1.1969177921826646,2,31.16517519174088,0.8431991416236851,0
34.694520637246846,15,74.54448440371313,0.9520584182972106,0
0.5941682339934126,4,20.573872133934074,0.7901095122670945,0
47.19277404333126,6,50.13422716861231,0.659596827058815,0
6.5243332834073495,3,2.575882896578028,0.8565844442274576,0
244.77376572582955,7,46.91260133836938,0.07564468065734964,0
53.73052947643794,6,8.282248169814812,0.4628306571988078,0
61.52528248463044,3,88.76970333144808,0.9892562386150588,0
43.0552536617774,4,21.960102392728245,0.7696001512947322,0
98.75347626460254,10,16.533227089800082,0.9620753780372231,0
153.4368087308099,9,91.90765303777874,0.7796343561334791,0
104.45410739660608,6,2.572245455698338,0.8748819674421442,0
137.91484278077445,11,25.259476764209943,0.706529632303191,0
236.41803605205408,7,23.1020539786359,0.7605020044172398,0
199.177161383957,18,16.759678920127147,0.5231780098395007,0
112.1037216617568,4,121.3815336104506,0.9242377008141329,0
24.16104737645597,5,69.50074238107433,0.8250389106233617,0
101.52905503969949,4,3.3028858167589923,0.8438849656656322,0
70.53879859441376,4,62.708501548298955,0.6730091009630523,0
126.3083349430458,13,37.46462536564074,0.304579947087249,0
178.93522592417304,16,115.56509591919641,0.03562979539013933,0
135.75961122964708,14,18.767091514168396,0.9356551294095445,0
187.4453292754111,11,42.68481429057527,0.5861203488054969,0
6.599704916974,2,34.73294360359965,0.29814297114814026,0
3.2130746240397507,14,33.62419777515533,0.1491351078475378,0
29.908088301414526,7,30.449990000525084,0.8295231655007547,0
230.92682164838016,11,11.510263554195607,0.8365201944475789,0
173.5337081764929,4,70.46994587790006,0.8145079681305315,0
114.79936155950487,7,30.01345531816424,0.6450826919667862,0
120.65048988389239,16,159.12270487006208,0.3660153875918759,0
129.70771394090096,6,15.109907957138805,0.304070284780257,0
285.7758023535945,6,57.402287726844804,0.008554770118170185,0
178.49297587321553,2,141.27170176800155,0.8336075586882403,0
97.6546137399909,8,54.451664161556735,0.08743269749364246,0
109.57626584950278,7,102.50303392552047,0.6307549980407676,0
24.046808574831356,14,87.86238351908477,0.5040749468400884,0
107.09547834932928,9,22.323552499863396,0.5266893589263512,0
55.28271546701191,15,45.83003148681395,0.9267128453077733,0
16.60095683489178,18,8.495623833106675,0.03161501127124211,0
164.19756664697317,12,38.34247219537229,0.7733922246287723,0
71.38543003846085,19,13.095646484649675,0.05205239836730713,0
379.09140263882824,13,68.07751480045539,0.0381536059353772,0
33.083922810995446,7,37.54500381262712,0.42981769814138193,0
65.52159759753438,10,26.485759225407868,0.06307517434296672,0
59.41989984434146,10,15.653214376241648,0.789143951292912,0
12.871958502722036,2,332.21119407423606,0.5295630936483372,0
55.53267370324234,14,3.720582806855832,0.029038782659774443,0
33.905039620964835,13,2.2268966168163007,0.04050068648191951,0
17.473497347164546,6,12.247568664993087,0.6126685297394794,0
33.150242427290166,9,177.1480574506195,0.8061118176584049,0
26.559668175009403,13,193.7319496680986,0.43779953127477356,0
132.45354407678286,9,53.20007097283982,0.5545806715356244,0
3.125867982206502,13,106.05764124433969,0.7998294540499016,0
96.09292393812039,5,12.037489962023058,0.6105061740418192,0
142.9875751037272,14,178.85276317212356,0.22476023765881947,0
65.53186985511714,5,7.703317093998087,0.6130520258694786,0
268.18705971865387,9,5.33057534559614,0.6282794590652135,0
123.05929822020293,8,5.951089212094152,0.7341069808811267,0
137.80232663707156,7,42.563544837840844,0.6208741875568012,0
21.931773837950818,8,75.92833321492736,0.969242130458038,0
150.19098389038987,3,22.837960483325702,0.19728830871706848,0
178.43553638898808,15,190.5998069398614,0.9510906795670763,0
44.82677947890476,8,28.495188495523145,0.5383394903500163,0
23.998846869196385,1,8.152338778801345,0.671956140494912,0
48.62154197802478,7,31.364858632312238,0.09946159745218985,0
134.5566972035115,19,56.82149713436847,0.380575941378107,0
54.06647587050139,2,89.25680675192648,0.7693791464631726,0
133.42784537342058,14,30.69538961520052,0.7069110150989903,0
12.054696037941511,18,45.021708961987564,0.040139388165410184,0
163.9957485083452,15,15.553998175317727,0.5465942634972446,0
29.196788563250497,14,51.91112962653543,0.08827819296840944,0
28.62550747169842,19,213.33479755782108,0.9958564291781623,0
89.25277346663518,19,2.5148775461696267,0.8972965885332946,0
7.269763180198679,17,108.81113525278411,0.021080660428536957,0
2.664969628172593,19,41.309078009225864,0.8586495789026308,0
30.249614808727355,16,14.524210375875118,0.9194296005584076,0
77.23366123024024,19,154.9322449528977,0.3535482225634551,0
238.18056561609754,1,33.01989725631111,0.7195016550477659,0
187.3632496913276,19,20.150175890956,0.4421037462077789,0
67.42203482700342,7,10.013949226096388,0.6552324845763441,0
3.775586001594169,11,14.015612174392828,0.34031740429819146,0
76.62615364846278,5,89.44289661546053,0.32255923663326835,0
122.00872809647885,17,47.64903371776941,0.42443388885757904,0
41.42503846761438,11,122.23371828090603,0.14556775865250116,0
11.772925329454214,8,13.196223437929492,0.8311389644353826,0
32.65170884409583,10,6.456402157742984,0.34869789536163665,0
147.66080478695415,12,0.3053067767296535,0.40014955390584517,0
43.26983374695094,10,35.44980952240686,0.8940546127021446,0
167.1214867199031,13,319.0606027791378,0.49662381406317135,0
38.49589809840799,18,59.36648180659792,0.5442539093508629,0
17.85945567914249,10,18.43698528021531,0.9564981247770985,0
57.24321975114698,19,104.72109262751341,0.8867263831449892,0
60.19810523780873,17,76.09935089123202,0.1694667088884395,0
1.623936617847507,16,0.7767607531915114,0.47321502991810505,0
12.44811246485425,5,84.87535076029324,0.9712962274285455,0
20.44763953491506,3,17.87138687787347,0.3723662982286027,0
12.057265508005358,15,8.106742197733052,0.37157310851620007,0
41.78303567929508,2,12.830546914617269,0.19503023178915435,0
334.16893062557705,13,31.610112090771164,0.11432311411912521,0
71.17644888116234,8,27.657778625216757,0.7403047907559818,0
98.7668652126427,17,17.046217585904888,0.7700304687015165,0
44.06568549531933,4,9.450291676405213,0.9690129635029999,0
39.08047408374362,19,71.82273900784918,0.773418210905363,0
2.341886536379143,9,230.8104633270401,0.2433524940335987,0
69.38147146633122,15,75.20697552969521,0.04011657828851545,0
66.08910615863586,9,17.5443696137302,0.9854373843696602,0
17.177424715555865,9,14.039226524895529,0.34045069554360574,0
144.52972994545613,14,12.273668061606093,0.31197154243242076,0
67.8602135080559,16,7.349365915579706,0.9059552097493825,0
41.39923168748927,17,40.073442660644545,0.5850998985449861,0
15.888894823879998,13,46.49418140013213,0.21487117384913457,0
80.33210997936288,9,61.12426552205555,0.8890962427162395,0
139.76264315344392,15,57.00506448777537,0.9933608550547434,0
33.1284808381355,7,17.28910373941615,0.08667856115083072,0
24.691684956120916,1,20.047093076240415,0.8622516283024872,0
73.80084973034839,1,57.208922109646075,0.390515697684394,0
16.88250093368593,5,21.496674677207594,0.5240724465067044,0
109.84524612240509,9,11.952417589080738,0.9148159757649807,0
92.9739836864649,12,23.447101942352827,0.9733791957751172,0
9.110927054321534,6,15.878491926821011,0.2621639104087994,0
3.720394275916715,13,4.622912189155426,0.21285077095991378,0
96.83439269883661,8,88.63871240664632,0.08051655859151186,0
34.8556238552517,15,95.90403644040792,0.561797852662138,0
9.041252142791578,6,12.407064126867585,0.013604395450668272,0
142.47387882801098,6,3.348257124832542,0.41189829760993657,0
37.694179765417715,4,67.12869652775598,0.07338401665200855,0
61.54448395104738,11,11.882958872011542,0.405225782929334,0
27.025209747916122,18,24.997209547004672,0.039932189265609264,0
98.70272968845558,3,3.314215659966355,0.8352172606087689,0
35.880351538952176,3,12.826588339234346,0.20973899393856588,0
344.26746291771593,12,78.72822558749635,0.328308710357912,0
121.38465517886054,6,81.58326782455987,0.8700479966063919,0
14.701882781905423,6,11.6019515070094,0.7462660613322051,0
53.90447984820904,8,20.467169328866692,0.21903836164205848,0
48.681796070793396,15,7.2072859528232085,0.07189941865749605,0
76.41000660207717,18,3.8533743754529315,0.7156737768553395,0
184.4721573067542,16,242.50058759414213,0.39070255068810933,0
87.56815964459933,6,53.29669717072485,0.7660799991182212,0
6.353281646808945,17,39.054841792294695,0.4452947723752104,0
106.54165067175789,9,72.514664812806,0.3460024129722764,0
0.8299644910456874,19,91.65319140577868,0.4512054082123965,0
151.39480239619502,18,82.17941476485217,0.7485589856706767,0
109.85205101136162,5,0.8338876540454417,0.9022202865403741,0
36.93053127963576,6,10.339395487863964,0.049767196588575535,0
34.59353978503503,12,53.196820650017685,0.5241115412269551,0
160.08399636885346,11,23.56096621950301,0.0328354290838776,0
152.9410706071265,16,202.2281760598292,0.4684095450243587,0
43.43312877802026,17,54.74169070087564,0.8852828290969004,0
35.51728270810426,9,156.80596560163832,0.36159026642030967,0
82.05824242486615,1,11.247664498051078,0.9324504210806432,0
0.8400848505191516,3,99.7392236705767,0.6306084716506094,0
8.628477337893555,9,19.382657294700643,0.9341553437930064,0
13.486896122639907,19,228.12856808972467,0.7571666254125197,0
20.50725913947567,13,8.580279247407576,0.10343516664876229,0
71.7477018645657,14,36.31863619472705,0.23115136756267707,0
485.9019735691247,19,78.71428616721334,0.3941704545835062,0
105.73170032000651,7,28.338281414644324,0.17010688201207602,0
6.325805536306192,4,31.563490499828394,0.4949116047766605,0
74.56609542973892,12,214.72202133427976,0.4713681557014906,0
68.64600143579572,14,27.69606477025058,0.9562591980273812,0
15.56809685764382,2,46.32615782623365,0.43372788289597775,0
252.91390632114593,1,2.8041669268884175,0.7856268042879978,0
58.11859434902761,18,92.32453761350989,0.9419105448514798,0
521.3818254440415,8,52.23008146275377,0.8769888309739855,1
54.48518301972434,3,25.877417106061873,0.20866762451159182,0
93.63855436952797,6,0.8150846738206612,0.49602989425354427,0
11.066627349841957,13,44.783835980409926,0.3477397822959257,0
60.55536500338328,9,0.6369310646760993,0.3998586951372155,0
27.281433899894935,9,0.060216941699189765,0.3608068262457512,0
180.52386986676782,9,47.868471580215896,0.8263592101750041,0
153.21046483016397,15,10.475413494516609,0.45213905512244745,0
173.82945324282804,13,10.652702950173767,0.5236943322446882,0
128.59403329608458,16,52.96067079518622,0.9824473570470746,0
178.78663987905506,2,2.7596331917401256,0.05997927219151644,0
22.41800259872055,14,18.800574900627566,0.4879576397907488,0
60.155987949475076,6,8.092540116164889,0.7740617069461161,0
117.71584765106479,2,43.39602919930993,0.15116195818822653,0
101.443429123155,8,54.20074081339822,0.6115315946147739,0
126.00299995794238,4,63.851527310621435,0.23946477953446677,0
25.39357822234552,14,14.734073352681461,0.8674041132245676,0
10.362281416374312,11,4.674328519571238,0.3270996654000793,0
248.6586997679404,14,4.097591194857808,0.32906281690090955,0
82.13713001459136,12,27.769496960679486,0.5981938785178935,0
16.7030177548611,16,145.79470308961442,0.18356290811990872,0
157.7147804225218,6,12.277704746743895,0.28488863890306104,0
246.42800870702365,1,14.835575862865587,0.4166318501194115,0
18.580383517894635,12,5.317428075490343,0.35363786314011036,0
170.05255238219317,7,46.51571443211856,0.5248772180055824,0
270.64274382812295,8,56.95185465818443,0.5996401440689663,0
278.6470230840266,9,51.49134107690415,0.5666674537501646,0
245.52289612564428,2,98.71093927164132,0.6541683119919323,0
79.05858511867633,17,33.31804148568028,0.30774951660782024,0
44.03847391067776,13,7.219913521769877,0.12642622715502805,0
0.7299383492063758,5,17.082640783195306,0.7608075414310771,0
6.2846329032205235,10,54.299115201643545,0.850780382630682,0
56.00841743816636,12,47.48229066290159,0.25700623222243224,0
50.97031646115512,17,37.85795918920283,0.40709195615801974,0
20.421619613571508,6,57.43706337597312,0.4985692169635553,0
50.33205706503247,3,50.72148737955794,0.5333268427529364,0
19.194781949478525,15,106.56828415677356,0.6594901710876518,0
188.90939648984312,7,44.09644325328129,0.041603233355321345,0
35.40995173067909,6,75.38951977926565,0.721477082734017,0
91.27080328075287,4,14.297988221569499,0.06197100697941027,0
69.88495321049795,19,56.68854635734887,0.46828856767286786,0
5.3276393739362895,5,116.23852822566062,0.8276711355691941,0
285.13500557375187,3,24.36622488934307,0.45121531327839626,0
74.91377599380573,9,75.50320622733572,0.14908974876824777,0
39.31279893736955,6,64.51091486042719,0.9850338450059597,0
17.212559626832554,13,3.068574241275122,0.8892854620742633,0
41.328556037506665,4,43.554912249114246,0.771313633225014,0
2.0724887531297567,2,6.9739866890336515,0.4115116028992104,0
45.18622325560992,4,171.04833398849243,0.1838457268892978,0
75.8189139984251,8,83.40833452977864,0.9414111814185012,0
205.46806063577182,13,5.811176436135721,0.532351126517139,0
116.27490271640897,10,6.491313120813751,0.8523554603874851,0
11.83132784851651,18,45.12849656670342,0.34209500575942575,0
15.987105519895826,9,21.1475428961974,0.3352883170794706,0
55.88319888683362,1,1.776481351835633,0.9855404806740391,0
21.77925828641593,13,39.00518335277372,0.5218330484948498,0
2.8244936651310124,18,24.538496170350733,0.1406954238607463,0
163.48320316278125,15,5.327866709738558,0.2196746779947074,0
1.9715653190490905,2,80.95431348892853,0.4819442793927208,0
177.6021593015609,11,123.30037757391787,0.04247091048841134,0
15.560636235761894,14,70.65120884290566,0.4625339853783005,0
367.60979193438544,15,86.41735378879368,0.4189408420801276,0
92.60227139282873,14,12.198608901606734,0.779336265319487,0
132.7961197059977,16,15.297254939564134,0.35494196448924176,0
11.707736616375017,15,11.693009766902671,0.9825487615395994,0
198.12560337887146,19,72.42198609888278,0.18076991930090314,0
182.75463044129233,9,147.74590973037039,0.5909866849681349,0
105.84095526889989,5,63.08666527518753,0.08969929700825463,0
69.77072912692746,5,106.62809462892618,0.733863983993982,0
127.8298344721146,11,50.90220678323536,0.9947536880619715,0
0.5945856962207603,4,24.52337163913607,0.8191386377516322,0
89.7568971343418,18,27.7355331939177,0.5557035407203013,0
187.99753636216897,3,3.9154548047428177,0.48474135739969204,0
44.14548704016753,4,1.5981300076793719,0.8350299612668469,0
11.461358970407993,14,59.45020387178861,0.9359740847107243,0
54.624081998104835,7,28.85084367413876,0.989206525798093,0
129.86661542900998,8,40.17211122280225,0.3965392275644841,0
11.350605665152335,16,40.78396411755349,0.9909174747945123,0
23.07329785635864,15,16.24329945531175,0.1559262521738315,0
15.964288906828733,7,32.30292418464995,0.2535497759319092,0
159.4291971353791,17,31.815684132478257,0.0890161247338962,0
6.495740614029792,12,24.58606570692879,0.27173851648448166,0
116.02318807931333,18,85.927880749773,0.7679375516180111,0
45.6427279564845,14,29.99778068865978,0.8529243581784497,0
140.97318575279547,15,46.27219024996802,0.7788926451025717,0
333.49439850654414,15,112.93803828224111,0.6310657781676963,0
12.165398013894267,5,100.58302273936559,0.5139665125226456,0
37.743909319017824,16,110.55602571090752,0.7087042892136465,0
166.1391570702612,5,15.735879466787281,0.3908335492672218,0
30.946205846338064,2,1.780451548838995,0.8413083514997018,0
24.222519981177896,9,15.127387720005872,0.6771900939767854,0
174.5131514486544,9,16.33551616939095,0.6978046984944085,0
434.91617699675277,4,120.04316334566394,0.5359359931290713,0
81.39159970598674,15,52.38304206459038,0.8852289842111726,0
32.5797660836014,11,4.26177281275164,0.25201473367905247,0
50.843841142617954,1,7.273177555567845,0.3811476533610507,0
18.648661146467976,18,8.460956024253997,0.7776425696776891,0
143.5011099326235,1,49.7696391697139,0.4927488961293377,0
148.48956290386622,8,66.47945175787162,0.8892140134241908,0
208.0409949495312,16,98.17862948113655,0.3463993197628523,0
2.696281523795026,18,141.2038287723646,0.36933016881964476,0
82.54937704864723,9,11.263826060553427,0.8887357893866253,0
24.11235194507875,12,18.536700172829388,0.46437032018204105,0
41.68542420131189,19,13.743088952922786,0.5161245842024867,0
153.69108316325156,18,22.21769607967047,0.3327637153356794,0
21.323487029063152,5,123.05859254798428,0.2766699421790819,0
101.70555754426194,2,42.79655042634774,0.655948710838392,0
106.29542350939415,7,67.00717380585256,0.11984066154120387,0
308.11575977680263,10,33.67891884627055,0.8792726411829093,0
149.2370370588764,15,1.4641245577588546,0.7792031367651079,0
162.77808560708507,7,3.3174338439522937,0.19074826370580278,0
75.84342463586864,5,38.60119013946041,0.6940199458245654,0
20.675459588615766,15,63.43250627834991,0.6026329212856348,0
55.43654849363867,15,12.12463520223284,0.1845350507366441,0
79.73740579436782,10,63.99044723862241,0.27320350605023247,0
113.4506605763026,14,83.21207157117816,0.4089865037338344,0
93.57516527300453,10,26.54269948774105,0.6992427352454739,0
50.08387076369293,17,68.60364492928225,0.638723408817006,0
30.83108664440457,14,25.87824327042162,0.5322348476766979,0
18.420033243256036,2,56.71466190417118,0.7684105431140342,0
118.36650310174444,16,72.19554855756975,0.757937739606166,0
103.67611468055465,13,240.95914198156413,0.6178591540622559,0
116.27427834847244,9,21.18629088639648,0.7869900833848252,0
46.60553584197605,7,26.469916734816003,0.3342633747792092,0
30.436421223355207,16,9.053320805244592,0.8812495283226056,0
142.59558987346486,10,11.412393963089459,0.6149100858019407,0
148.56612966854289,9,59.10975066295252,0.8223635138124306,0
60.810108574539576,7,124.47320505320434,0.546279104790284,0
94.65027657008618,16,25.09370307921478,0.21843824498868036,0
46.76378925795378,9,9.913062886668376,0.5424101286783086,0
121.048462736538,17,16.780595297399636,0.3711116637765881,0
180.6192709005237,7,30.35321800135222,0.6974990360370945,0
116.55000545956746,11,17.170334277210856,0.4757937917347358,0
71.86344938779378,8,13.301188016019664,0.8361128049276877,0
61.370396237639866,7,66.58737114268895,0.6780725123219167,0
102.81155712565757,19,0.3937927260448814,0.684544433031324,0
113.88434939928311,12,38.74287101775323,0.21715533349106497,0
81.8097084906541,7,78.93738728584175,0.9842497664912904,0
98.06753318112553,8,15.477865776233157,0.8416752092714888,0
10.15773281608171,7,46.22767758353536,0.7890048845606946,0
303.1681080993771,6,55.26675767110473,0.33021522516002744,0
156.43357966289472,9,53.21412241479441,0.5356316528472319,0
46.82896904092575,13,29.51596053241502,0.13710318807432864,0
82.73933679119445,7,21.27660458966788,0.538475976662706,0
4.848096861854575,8,90.37129944762889,0.14588924648328727,0
4.210178601984143,17,71.03310251928878,0.5530378439896012,0
28.874708619358717,17,19.375501486782717,0.6487218801549056,0
117.02210003701154,16,5.436040781929311,0.39019596724990235,0
191.15417997933255,2,3.7258090662050445,0.49854487833129324,0
81.9131988942876,8,4.951031535505149,0.8756533876745859,0
75.95706548817591,17,43.717791186648434,0.10856314470280937,0
51.46822740763096,13,2.6522242797784443,0.7917328929996529,0
17.625752739116194,18,20.543500035317088,0.1707545509961964,0
12.596477901515174,10,69.95878895743365,0.03670798280462839,0
142.99527127212335,2,17.431665841683895,0.18557460274504778,0
262.42177017222764,2,72.04979435841757,0.7650431899704897,0
61.301195357188,14,68.4162467746092,0.40512607333686,0
107.71805735141872,16,14.106683509357914,0.8725205168461819,0
245.874371433157,7,65.24902556316104,0.5247075411822658,0
9.4435558624521,12,68.8720113994598,0.022250351926330958,0
147.177143845067,14,25.329557230960415,0.7167136096019268,0
95.92422953790685,4,11.812736656062247,0.1102329087212327,0
91.2889469804187,4,36.83101001512386,0.7893796334619244,0
34.60747938275864,18,127.16764464987051,0.16810254980518002,0
115.16756374496684,3,51.029359085884884,0.34544638580551346,0
158.37592243261616,1,9.492843663376032,0.7612714296253603,0
11.975040522103727,17,57.40434999985409,0.9542313574764216,0
76.254319968781,7,27.861197420436795,0.37143395064673235,0
10.676726131336054,16,44.766693126449226,0.8294002201989358,0
206.02196264752268,5,66.22498661754487,0.19079226547583872,0
70.85384663651433,19,36.17489201788515,0.8071797702024911,0
165.00812211527258,7,84.09612253861614,0.657494059256251,0
45.90013966530063,14,64.03469798883981,0.19274350721236844,0
13.362079869692685,2,47.735122819756384,0.3025039603514116,0
4.238499076452748,3,8.172604463229998,0.131770888597036,0
33.06029636325599,17,90.3789299985555,0.3829670110643133,0
28.002307805806044,16,137.36990266632253,0.2036486411232774,0
82.17808131477855,8,7.365008798990899,0.6439979536304735,0
2.1978607850609646,18,33.49508604009357,0.9945051042205587,0
73.515851602244,15,14.980225958400403,0.01200916308426414,0
49.72050431476848,7,70.22766374257601,0.5409198132872987,0
86.06721958913262,9,63.94014036772538,0.5736665975490097,0
121.20638761124962,6,7.592631485021287,0.9142087896808119,0
100.53731932059462,18,104.78963328834902,0.5060053347669375,0
417.6273056142155,18,9.981915337707402,0.5437014196449175,0
14.880787922888178,14,79.79130515605254,0.4716528013283886,0
56.16576367176894,14,30.530489479407645,0.2689043045614814,0
55.309091044833366,14,19.895110966071574,0.056029133248913676,0
53.96593552915303,4,8.61297325332597,0.4086576822098361,0
109.00442752786317,4,9.172965558350937,0.05259147124067853,0
67.30074738985016,15,54.21928166259137,0.5504924694659178,0
72.86345955619828,15,39.973228576862105,0.30729364324229314,0
56.62608034860869,18,6.510299062731921,0.5336024015254278,0
479.14348287653496,14,5.9784861913319345,0.13429696439518668,0
262.5015265950355,1,3.752913665108717,0.9326299657393596,0
36.77708324898026,10,68.08347239442791,0.8945212435499349,0
11.832634858662775,10,62.21927281755364,0.1899965092022845,0
183.11120690788866,10,3.0103818274931236,0.3434442832940099,0
586.7567414285943,2,41.07972743510641,0.6134927718519796,0
34.617157514764926,8,4.423867381404432,0.09568620730590627,0
44.28320249173167,1,117.03811825271858,0.3545678211161508,0
284.100772673766,1,118.82095776867969,0.2511122868190061,0
124.1776850503286,4,59.90500244029264,0.9155167287166966,0
35.04633214722897,7,130.3123221322688,0.8525106362892052,0
86.99953229344366,9,83.42040638044742,0.5798327412668638,0
288.6511646279122,16,88.1698485098247,0.5203463368715742,0
167.03196979637374,5,42.164544185736766,0.9307257945453972,0
135.41475077781,2,18.268431106844734,0.9324277829788153,0
133.55872230510798,11,12.282184269300682,0.9693301253516604,0
19.60396096480225,18,19.81536015402142,0.12537888410818765,0
174.11494718339705,19,49.50970568296174,0.16055781076317022,0
32.31277569885424,13,9.476767839717343,0.6767366986798866,0
266.4511773212141,11,14.96346304486452,0.5414344766098449,0
45.35634974556913,19,31.5613099967987,0.018465904893235963,0
194.9539506508302,17,13.266689862546002,0.06197503598951937,0
30.956441339818387,5,44.41477282199665,0.8880803822588051,0
72.2631474936685,13,128.31192790279547,0.8688707955393863,0
11.304025785394819,1,68.9340440085686,0.35727092199604515,0
107.91594372310038,10,54.894619515193455,0.8910506169305347,0
180.83723531898585,8,43.70006784222686,0.5936750743979018,0
126.74355711477577,8,33.46644596927349,0.8059056470189019,0
74.07808908511893,19,10.324392763126845,0.4274310711602143,0
4.616528471325638,6,112.55205782875282,0.11339832734490873,0
270.9666614357385,12,14.286598890336014,0.43372706264601624,0
122.24407878228689,7,4.787502093271783,0.4572997979968979,0
136.98866601303007,16,69.3177539939009,0.550944193840603,0
158.31883442883483,9,9.655913666991706,0.105582712904428,0
137.7308558354068,10,23.25247601994583,0.9914018630496114,0
58.181363439566205,10,1.4346326798157096,0.24413682080690635,0
132.28382854448856,10,7.370965965913989,0.19855240353709291,0
98.09006897241446,16,9.509842126208296,0.5268029188559366,0
192.4260537975956,1,2.797317139168213,0.5372081793948886,0
162.18132486912654,17,53.45126025727255,0.43982073783324427,0
4.225466871138813,14,90.7026453166056,0.7718921463252545,0
47.6242394465613,19,23.36559526862801,0.5166544007286027,0
3.533307808005058,17,103.80295411980529,0.6096954551449841,0
10.766864931240002,14,11.998375092010463,0.7237463854077856,0
91.98237707213062,8,19.681058036318976,0.025025101563866614,0
207.0060253193666,9,8.169317811424477,0.5706441825450448,0
12.763425350481256,8,48.452833848588526,0.8841944712283692,0
59.98194872509702,13,27.225117869404368,0.01738874292543391,0
241.7759213902502,17,47.50315082481496,0.4051821038009611,0
